"","Catalog.Number","Kind.of.Object","Scientific.Name","Family","Phylum","Class","Order","Identified.By","Date.Identified","Current.Identification","Other.Identifications","Type.Status","Type.Citations","Kind.of.Voucher","Classification","Common.Name","Collection.Name","Specimen.Count","Sex.and.Stage","Preparation.Details..Preparation.Remarks.","Station.Number","Collector.s.","Date.Collected","Collection.Method","Ocean","Sea.Gulf","Bay.Sound","Country","Province.State","District.County","City.Town","Precise.Locality","Centroid.Latitude","Centroid.Longitude","Elevation..m.","Expedition.Name","Vessel","Cruise","River.Basin","Microhabitat.Description","Depth..m.","Depth.Notes","Geologic.Age","Notes","Field.Number.s.","Other.Numbers..Type...Value.","Accession.Number","Genetic.Sample.Type","Biorepository.Number","Specimen.Voucher.Number","Bold.ID","GenBank.Numbers","Preservation.Method","Embargo.","Depleted.","Record.Last.Modified","EZID","Year.Collected","Species.Clean"
"27","USNM 14366","Specimen/Lot","Eunicea (Euniceopsis) tourneforti Milne Edwards & Haime, 1857","Plexauridae","Cnidaria","Anthozoa","Gorgonacea","Bayer, Frederick M., Smithsonian Institution, National Museum of Natural History","","Eunicea (Euniceopsis) tourneforti Milne Edwards & Haime, 1857 : Plexauridae : Gorgonacea : Anthozoa : Cnidaria","","","","","Animalia, Cnidaria, Anthozoa, Octocorallia, Gorgonacea, Holaxonia, Plexauridae, Plexaurinae","Octocorals","","1",NA,"Dry","2655","United States Fish Commission","2 May 1886","Trawl - Large Beam","North Atlantic Ocean","","","Bahamas","","","","Little Bahama Bank, Grand Cay, North of",27.3667,-78.125,NA,"","Albatross R/V","",NA,"","618","",NA,"","USFC/A2655","",NA,NA,NA,NA,NA,"",NA,NA,NA,"31 Jan 2018 19:12:00","http://n2t.net/ark:/65665/3f4872deb-abbd-4cf7-844c-f0c41b5d1293",1886,"Eunicea tourneforti"
"704","USNM 100609","Specimen/Lot","Eunicea tourneforti Milne Edwards & Haime, 1857","Plexauridae","Cnidaria","Anthozoa","Gorgonacea","Bayer, Frederick M., Smithsonian Institution, National Museum of Natural History","Apr 2000","Eunicea tourneforti Milne Edwards & Haime, 1857 : Plexauridae : Gorgonacea : Anthozoa : Cnidaria","","","","","Animalia, Cnidaria, Anthozoa, Octocorallia, Gorgonacea, Holaxonia, Plexauridae, Plexaurinae","Octocorals","","1",NA,"Dry","","Miller, M. W.","17 Mar 2000","","North Atlantic Ocean","Caribbean Sea","","","","","","Navassa Island, NW Point",NA,NA,NA,"","","",NA,"","","",NA,"","","",2016440,NA,NA,NA,NA,"",NA,NA,NA,"14 Jan 2013 18:22:00","http://n2t.net/ark:/65665/35f047649-3533-44bd-b378-4fbb0368d71c",2000,"Eunicea tourneforti"
"705","USNM 14366","Specimen/Lot","Eunicea tourneforti Milne Edwards & Haime, 1857","Plexauridae","Cnidaria","Anthozoa","Gorgonacea","Bayer, Frederick M., Smithsonian Institution, National Museum of Natural History","","Eunicea tourneforti Milne Edwards & Haime, 1857 : Plexauridae : Gorgonacea : Anthozoa : Cnidaria","","","","","Animalia, Cnidaria, Anthozoa, Octocorallia, Gorgonacea, Holaxonia, Plexauridae, Plexaurinae","Octocorals","","2",NA,"Dry","2655","United States Fish Commission","2 May 1886","Trawl - Large Beam","North Atlantic Ocean","","","Bahamas","","","","Little Bahama Bank, Grand Cay, North of",27.3667,-78.125,NA,"","Albatross R/V","",NA,"","618","",NA,"","USFC/A2655","",0,NA,NA,NA,NA,"",NA,NA,NA,"31 Jan 2018 19:12:00","http://n2t.net/ark:/65665/3be31f182-a50f-4c44-8368-3e1335a52974",1886,"Eunicea tourneforti"
"706","USNM 14399","Specimen/Lot","Eunicea tourneforti Milne Edwards & Haime, 1857","Plexauridae","Cnidaria","Anthozoa","Gorgonacea","Bayer, Frederick M., Smithsonian Institution, National Museum of Natural History","","Eunicea tourneforti Milne Edwards & Haime, 1857 : Plexauridae : Gorgonacea : Anthozoa : Cnidaria","","","","","Animalia, Cnidaria, Anthozoa, Octocorallia, Gorgonacea, Holaxonia, Plexauridae, Plexaurinae","Octocorals","","15",NA,"Dry","2655","United States Fish Commission","2 May 1886","Trawl - Large Beam","North Atlantic Ocean","","","Bahamas","","","","Little Bahama Bank, Grand Cay, North of",27.3667,-78.125,NA,"","Albatross R/V","",NA,"","618","",NA,"","USFC/A2655","",0,NA,NA,NA,NA,"",NA,NA,NA,"31 Jan 2018 19:12:00","http://n2t.net/ark:/65665/322efbc53-ccd1-46f7-9f77-50b1bb1e559e",1886,"Eunicea tourneforti"
"707","USNM 1630","Specimen/Lot","Eunicea tourneforti Milne Edwards & Haime, 1857","Plexauridae","Cnidaria","Anthozoa","Gorgonacea","Bayer, Frederick M., Smithsonian Institution, National Museum of Natural History","","Eunicea tourneforti Milne Edwards & Haime, 1857 : Plexauridae : Gorgonacea : Anthozoa : Cnidaria","","","","","Animalia, Cnidaria, Anthozoa, Octocorallia, Gorgonacea, Holaxonia, Plexauridae, Plexaurinae","Octocorals","","1",NA,"Dry","","Woodbury","","","North Atlantic Ocean","Gulf of Mexico","","United States","Florida","","","Florida Keys, Dry Tortugas, Garden Key",NA,NA,NA,"","","",NA,"","","",NA,"","","",0,NA,NA,NA,NA,"",NA,NA,NA,"14 Jan 2013 18:22:00","http://n2t.net/ark:/65665/3697983e9-f557-4358-93ad-6c8816752c41",NA,"Eunicea tourneforti"
"708","USNM 19054","Specimen/Lot","Eunicea tourneforti Milne Edwards & Haime, 1857","Plexauridae","Cnidaria","Anthozoa","Gorgonacea","Bayer, Frederick M., Smithsonian Institution, National Museum of Natural History","19 Mar 1959","Eunicea tourneforti Milne Edwards & Haime, 1857 : Plexauridae : Gorgonacea : Anthozoa : Cnidaria","","","","","Animalia, Cnidaria, Anthozoa, Octocorallia, Gorgonacea, Holaxonia, Plexauridae, Plexaurinae","Octocorals","","2",NA,"Dry","","Stanton, W. A.","Aug 1898","","North Atlantic Ocean","Caribbean Sea","","Belize","","","","Reef at Spanish Caye",NA,NA,NA,"","","",NA,"","","",NA,"","","",34976,NA,NA,NA,NA,"",NA,NA,NA,"01 Apr 2016 14:57:00","http://n2t.net/ark:/65665/356bbca5a-c711-4bf5-a4e0-ec0227c22ff4",1898,"Eunicea tourneforti"
"709","USNM 42137","Specimen/Lot","Eunicea tourneforti Milne Edwards & Haime, 1857","Plexauridae","Cnidaria","Anthozoa","Gorgonacea","","","Eunicea tourneforti Milne Edwards & Haime, 1857 : Plexauridae : Gorgonacea : Anthozoa : Cnidaria","","","","","Animalia, Cnidaria, Anthozoa, Octocorallia, Gorgonacea, Holaxonia, Plexauridae, Plexaurinae","Octocorals","","1",NA,"Dry","NOT REC.","United States Fish Commission","1898","","North Atlantic Ocean","Caribbean Sea","","Puerto Rico","","","","Playa De Ponce Reef",NA,NA,NA,"Puerto Rico Expedition 1898-1899","Fish Hawk R/V","",NA,"","","",NA,"","","",0,NA,NA,NA,NA,"",NA,NA,NA,"11 Mar 2019 18:32:00","http://n2t.net/ark:/65665/3e3d25603-4852-447a-b709-6e303ae37785",1898,"Eunicea tourneforti"
"710","USNM 44051","Specimen/Lot","Eunicea tourneforti Milne Edwards & Haime, 1857","Plexauridae","Cnidaria","Anthozoa","Gorgonacea","Bayer, Frederick M., Smithsonian Institution, National Museum of Natural History","","Eunicea tourneforti Milne Edwards & Haime, 1857 : Plexauridae : Gorgonacea : Anthozoa : Cnidaria","","","","","Animalia, Cnidaria, Anthozoa, Octocorallia, Gorgonacea, Holaxonia, Plexauridae, Plexaurinae","Octocorals","","1",NA,"Dry","423","Questel, A.","1946","","North Atlantic Ocean","Caribbean Sea","","Guadeloupe","","","","Grande Terre Island",NA,NA,NA,"","","",NA,"","2 to 4","",NA,"","","",175262,NA,NA,NA,NA,"",NA,NA,NA,"14 Jan 2013 18:22:00","http://n2t.net/ark:/65665/39669d1aa-8841-472f-a528-3be3ee64f736",1946,"Eunicea tourneforti"
"711","USNM 50267","Specimen/Lot","Eunicea tourneforti Milne Edwards & Haime, 1857","Plexauridae","Cnidaria","Anthozoa","Gorgonacea","Deichmann, Elizabeth","","Eunicea tourneforti Milne Edwards & Haime, 1857 : Plexauridae : Gorgonacea : Anthozoa : Cnidaria","","","","","Animalia, Cnidaria, Anthozoa, Octocorallia, Gorgonacea, Holaxonia, Plexauridae, Plexaurinae","Octocorals","","1",NA,"Dry","1116B","Hummelinck, P. W.","15 Jul 1949","","North Atlantic Ocean","Caribbean Sea","","Netherlands Antilles","","","","St. Eustatius Island, Gallows Bay, Southern Part Of Bay",NA,NA,NA,"","","",NA,"","2","",NA,"","","",189993,NA,NA,NA,NA,"",NA,NA,NA,"14 Jan 2013 18:22:00","http://n2t.net/ark:/65665/30dd38cd2-0f28-45ef-9f98-b64b7b7d9ccc",1949,"Eunicea tourneforti"
"712","USNM 50316","Specimen/Lot","Eunicea tourneforti Milne Edwards & Haime, 1857","Plexauridae","Cnidaria","Anthozoa","Gorgonacea","Bayer, Frederick M., Smithsonian Institution, National Museum of Natural History","","Eunicea tourneforti Milne Edwards & Haime, 1857 : Plexauridae : Gorgonacea : Anthozoa : Cnidaria","","","","","Animalia, Cnidaria, Anthozoa, Octocorallia, Gorgonacea, Holaxonia, Plexauridae, Plexaurinae","Octocorals","","3",NA,"Dry","","Bayer, F. M.","Apr 1948","","North Atlantic Ocean","","","United States","Florida","","","Bache Shoal, Off Elliott Key",NA,NA,NA,"","","",NA,"","4","",NA,"","","",178792,NA,NA,NA,NA,"",NA,NA,NA,"14 Jan 2013 18:22:00","http://n2t.net/ark:/65665/3c3fb49fd-0738-4f8a-ab3b-8bcac0ea0032",1948,"Eunicea tourneforti"
"713","USNM 50329","Specimen/Lot","Eunicea tourneforti Milne Edwards & Haime, 1857","Plexauridae","Cnidaria","Anthozoa","Gorgonacea","Bayer, Frederick M., Smithsonian Institution, National Museum of Natural History","","Eunicea tourneforti Milne Edwards & Haime, 1857 : Plexauridae : Gorgonacea : Anthozoa : Cnidaria","","","","","Animalia, Cnidaria, Anthozoa, Octocorallia, Gorgonacea, Holaxonia, Plexauridae, Plexaurinae","Octocorals","","1",NA,"Dry","103-56","Schmitt, W. L.; Chace, F. A.; Nicholson, D. V.","12 Apr 1956","","North Atlantic Ocean","Caribbean Sea","","St. Kitts and Nevis","","","","St. Kitts (St. Christopher), windward beach opposite Frigate Bay, coral reef just off shore",NA,NA,NA,"Smithsonian - Bredin Caribbean Expedition","Freelance R/V","",NA,"","","",NA,"","BREDIN/103-56","",208263,NA,NA,NA,NA,"",NA,NA,NA,"14 Jan 2013 18:22:00","http://n2t.net/ark:/65665/3e1d57150-2daf-4e69-ae40-bd73eb19f421",1956,"Eunicea tourneforti"
"714","USNM 50368","Specimen/Lot","Eunicea tourneforti Milne Edwards & Haime, 1857","Plexauridae","Cnidaria","Anthozoa","Gorgonacea","Stiasny, G.","","Eunicea tourneforti Milne Edwards & Haime, 1857 : Plexauridae : Gorgonacea : Anthozoa : Cnidaria","","","","","Animalia, Cnidaria, Anthozoa, Octocorallia, Gorgonacea, Holaxonia, Plexauridae, Plexaurinae","Octocorals","","1 ca.",NA,"Dry","","van Koolwijk, A. J.","1880","","North Atlantic Ocean","Caribbean Sea","","Netherlands Antilles","","","","Curacao",12.1667,-69,NA,"","","",NA,"","","",NA,"","","",189993,NA,NA,NA,NA,"",NA,NA,NA,"14 Jan 2013 18:22:00","http://n2t.net/ark:/65665/373d9aa22-93c6-4b52-9027-ec9a45bf28e1",1880,"Eunicea tourneforti"
"715","USNM 50427","Specimen/Lot","Eunicea tourneforti Milne Edwards & Haime, 1857","Plexauridae","Cnidaria","Anthozoa","Gorgonacea","Bayer, Frederick M., Smithsonian Institution, National Museum of Natural History","","Eunicea tourneforti Milne Edwards & Haime, 1857 : Plexauridae : Gorgonacea : Anthozoa : Cnidaria","","","","","Animalia, Cnidaria, Anthozoa, Octocorallia, Gorgonacea, Holaxonia, Plexauridae, Plexaurinae","Octocorals","","1",NA,"Dry","","Hummelinck, P. W.","5 Jul 1955","","North Atlantic Ocean","Caribbean Sea","","St. Martin","","","","Point Blanche Bay",NA,NA,NA,"","","",NA,"","","",NA,"","","",189993,NA,NA,NA,NA,"",NA,NA,NA,"14 Jan 2013 18:22:00","http://n2t.net/ark:/65665/37b76db4b-93d4-48ad-a44f-513846240639",1955,"Eunicea tourneforti"
"716","USNM 50551","Specimen/Lot","Eunicea tourneforti Milne Edwards & Haime, 1857","Plexauridae","Cnidaria","Anthozoa","Gorgonacea","Bayer, Frederick M., Smithsonian Institution, National Museum of Natural History","","Eunicea tourneforti Milne Edwards & Haime, 1857 : Plexauridae : Gorgonacea : Anthozoa : Cnidaria","","","","","Animalia, Cnidaria, Anthozoa, Octocorallia, Gorgonacea, Holaxonia, Plexauridae, Plexaurinae","Octocorals","","1",NA,"Dry","","Limbaugh, C.","1956 (-- SUM 1956)","","North Atlantic Ocean","","","Bahamas","","","","New Providence Island",NA,NA,NA,"","","",NA,"","","",NA,"","","",212963,NA,NA,NA,NA,"",NA,NA,NA,"14 Jan 2013 18:22:00","http://n2t.net/ark:/65665/3a62d52e0-a1e8-4b41-893c-6bb9d85310a7",1956,"Eunicea tourneforti"
"717","USNM 50603","Specimen/Lot","Eunicea tourneforti Milne Edwards & Haime, 1857","Plexauridae","Cnidaria","Anthozoa","Gorgonacea","Bayer, Frederick M., Smithsonian Institution, National Museum of Natural History","","Eunicea tourneforti Milne Edwards & Haime, 1857 : Plexauridae : Gorgonacea : Anthozoa : Cnidaria","","","","","Animalia, Cnidaria, Anthozoa, Octocorallia, Gorgonacea, Holaxonia, Plexauridae, Plexaurinae","Octocorals","","1",NA,"Dry","","Bartsch, P.","29 May 1912","","North Atlantic Ocean","","","United States","Florida","","","Miami, Key Biscayne",NA,NA,NA,"","","",NA,"","5 to 10","",NA,"","","",54232,NA,NA,NA,NA,"",NA,NA,NA,"31 Oct 2017 17:13:00","http://n2t.net/ark:/65665/3fd1b643b-910e-4ca1-831c-448bfae722b0",1912,"Eunicea tourneforti"
"718","USNM 51358","Specimen/Lot","Eunicea tourneforti Milne Edwards & Haime, 1857","Plexauridae","Cnidaria","Anthozoa","Gorgonacea","Bayer, Frederick M., Smithsonian Institution, National Museum of Natural History","","Eunicea tourneforti Milne Edwards & Haime, 1857 : Plexauridae : Gorgonacea : Anthozoa : Cnidaria","","","","","Animalia, Cnidaria, Anthozoa, Octocorallia, Gorgonacea, Holaxonia, Plexauridae, Plexaurinae","Octocorals","","1",NA,"Dry","","Fontaine, A.","23 Nov 1952","","North Atlantic Ocean","Caribbean Sea","","Jamaica","","","","St. Ann's, Don Cristopher Cove",NA,NA,NA,"","","",NA,"","","",NA,"","","",225529,NA,NA,NA,NA,"",NA,NA,NA,"14 Jan 2013 18:22:00","http://n2t.net/ark:/65665/33c2d35a3-eefe-43c8-917a-66586adc5112",1952,"Eunicea tourneforti"
"719","USNM 51388","Specimen/Lot","Eunicea tourneforti Milne Edwards & Haime, 1857","Plexauridae","Cnidaria","Anthozoa","Gorgonacea","Bayer, Frederick M., Smithsonian Institution, National Museum of Natural History","","Eunicea tourneforti Milne Edwards & Haime, 1857 : Plexauridae : Gorgonacea : Anthozoa : Cnidaria","","","","","Animalia, Cnidaria, Anthozoa, Octocorallia, Gorgonacea, Holaxonia, Plexauridae, Plexaurinae","Octocorals","","1",NA,"Dry","","Fontaine, A.","1 Mar 1953","","North Atlantic Ocean","Caribbean Sea","","Jamaica","","","","St. Ann's, Don Cristopher Cove",NA,NA,NA,"","","",NA,"","","",NA,"","","",227105,NA,NA,NA,NA,"",NA,NA,NA,"14 Jan 2013 18:22:00","http://n2t.net/ark:/65665/377fb5e54-74f8-4083-84e9-e41f90879cdf",1953,"Eunicea tourneforti"
"720","USNM 51389","Specimen/Lot","Eunicea tourneforti Milne Edwards & Haime, 1857","Plexauridae","Cnidaria","Anthozoa","Gorgonacea","Bayer, Frederick M., Smithsonian Institution, National Museum of Natural History","","Eunicea tourneforti Milne Edwards & Haime, 1857 : Plexauridae : Gorgonacea : Anthozoa : Cnidaria","","","","","Animalia, Cnidaria, Anthozoa, Octocorallia, Gorgonacea, Holaxonia, Plexauridae, Plexaurinae","Octocorals","","1",NA,"Dry","","","","","North Atlantic Ocean","Caribbean Sea","","Jamaica","","","","",18.25,-77.5,NA,"","","",NA,"","","",NA,"","","",227105,NA,NA,NA,NA,"",NA,NA,NA,"14 Jan 2013 18:22:00","http://n2t.net/ark:/65665/3e76e2d58-8053-4eb4-95a1-76862eef43e1",NA,"Eunicea tourneforti"
"721","USNM 51429","Specimen/Lot","Eunicea tourneforti Milne Edwards & Haime, 1857","Plexauridae","Cnidaria","Anthozoa","Gorgonacea","Bayer, Frederick M., Smithsonian Institution, National Museum of Natural History","","Eunicea tourneforti Milne Edwards & Haime, 1857 : Plexauridae : Gorgonacea : Anthozoa : Cnidaria","","","","","Animalia, Cnidaria, Anthozoa, Octocorallia, Gorgonacea, Holaxonia, Plexauridae, Plexaurinae","Octocorals","","1",NA,"Dry","","Hildebrand, H. H.; Compton, H.","Jul 1959","","North Atlantic Ocean","Gulf of Mexico","","Mexico","Yucatan","","","Campeche Bank, Alacran Reef, Perez Island",NA,NA,NA,"","","",NA,"","1 to 3","",NA,"","","",227964,NA,NA,NA,NA,"",NA,NA,NA,"14 Jan 2013 18:22:00","http://n2t.net/ark:/65665/34016df54-cef5-4e73-b848-c72107b15e64",1959,"Eunicea tourneforti"
"722","USNM 51564","Specimen/Lot","Eunicea tourneforti Milne Edwards & Haime, 1857","Plexauridae","Cnidaria","Anthozoa","Gorgonacea","Bayer, Frederick M., Smithsonian Institution, National Museum of Natural History","","Eunicea tourneforti Milne Edwards & Haime, 1857 : Plexauridae : Gorgonacea : Anthozoa : Cnidaria","","","","","Animalia, Cnidaria, Anthozoa, Octocorallia, Gorgonacea, Holaxonia, Plexauridae, Plexaurinae","Octocorals","","1 ca.",NA,"Alcohol (Ethanol); DRY","17","Chess, T.","9 Jan 1960","","North Atlantic Ocean","Caribbean Sea","","Virgin Islands of the United States","","","","St. John Island, Chocolate Hole",NA,NA,NA,"","","",NA,"","7.5","",NA,"","","",229953,NA,NA,NA,NA,"",NA,NA,NA,"14 Jan 2013 18:22:00","http://n2t.net/ark:/65665/358413bcb-1776-4b0a-a03f-c2456bcdf3bc",1960,"Eunicea tourneforti"
"723","USNM 51727","Specimen/Lot","Eunicea tourneforti Milne Edwards & Haime, 1857","Plexauridae","Cnidaria","Anthozoa","Gorgonacea","Bayer, Frederick M., Smithsonian Institution, National Museum of Natural History","1960","Eunicea tourneforti Milne Edwards & Haime, 1857 : Plexauridae : Gorgonacea : Anthozoa : Cnidaria","","","","Hypotype","Animalia, Cnidaria, Anthozoa, Octocorallia, Gorgonacea, Holaxonia, Plexauridae, Plexaurinae","Octocorals","","1",NA,"Dry","","Bayer, F. M.","10 Oct 1960","","North Atlantic Ocean","","","United States","Florida","","","Miami, Biscayne Bay, Soldier Key",NA,NA,NA,"","","",NA,"","","",NA,"","","",231965,NA,NA,NA,NA,"",NA,NA,NA,"14 Jan 2013 18:22:00","http://n2t.net/ark:/65665/3c2e1ee6a-05eb-4ccc-b490-f8c010b9ee3e",1960,"Eunicea tourneforti"
"724","USNM 51728","Specimen/Lot","Eunicea tourneforti Milne Edwards & Haime, 1857","Plexauridae","Cnidaria","Anthozoa","Gorgonacea","Bayer, Frederick M., Smithsonian Institution, National Museum of Natural History","1960","Eunicea tourneforti Milne Edwards & Haime, 1857 : Plexauridae : Gorgonacea : Anthozoa : Cnidaria","","","","Hypotype","Animalia, Cnidaria, Anthozoa, Octocorallia, Gorgonacea, Holaxonia, Plexauridae, Plexaurinae","Octocorals","","1",NA,"Dry","","Bayer, F. M.","10 Oct 1960","","North Atlantic Ocean","","","United States","Florida","","","Miami, Biscayne Bay, Soldier Key",NA,NA,NA,"","","",NA,"","","",NA,"","","",231965,NA,NA,NA,NA,"",NA,NA,NA,"14 Jan 2013 18:22:00","http://n2t.net/ark:/65665/3d57dfc33-ef78-444e-bd53-3a955e87fbf5",1960,"Eunicea tourneforti"
"725","USNM 51729","Specimen/Lot","Eunicea tourneforti Milne Edwards & Haime, 1857","Plexauridae","Cnidaria","Anthozoa","Gorgonacea","Bayer, Frederick M., Smithsonian Institution, National Museum of Natural History","1960","Eunicea tourneforti Milne Edwards & Haime, 1857 : Plexauridae : Gorgonacea : Anthozoa : Cnidaria","","","","Hypotype","Animalia, Cnidaria, Anthozoa, Octocorallia, Gorgonacea, Holaxonia, Plexauridae, Plexaurinae","Octocorals","","1",NA,"Dry","","Bayer, F. M.","10 Oct 1960","","North Atlantic Ocean","","","United States","Florida","","","Miami, Biscayne Bay, Soldier Key",NA,NA,NA,"","","",NA,"","","",NA,"","","",231965,NA,NA,NA,NA,"",NA,NA,NA,"14 Jan 2013 18:22:00","http://n2t.net/ark:/65665/3756919dd-5328-4b52-9015-2af37829ab10",1960,"Eunicea tourneforti"
"726","USNM 51730","Specimen/Lot","Eunicea tourneforti Milne Edwards & Haime, 1857","Plexauridae","Cnidaria","Anthozoa","Gorgonacea","Bayer, Frederick M., Smithsonian Institution, National Museum of Natural History","","Eunicea tourneforti Milne Edwards & Haime, 1857 : Plexauridae : Gorgonacea : Anthozoa : Cnidaria","","","","","Animalia, Cnidaria, Anthozoa, Octocorallia, Gorgonacea, Holaxonia, Plexauridae, Plexaurinae","Octocorals","","1",NA,"Dry","14","Tucker, T.","25 Aug 1960","","North Atlantic Ocean","","","Bermuda","","","","St. George's Island, Fort St. Catherine",NA,NA,NA,"","","",NA,"","6 to 9","",NA,"","","",232609,NA,NA,NA,NA,"",NA,NA,NA,"14 Jan 2013 18:22:00","http://n2t.net/ark:/65665/3c1116aa3-571e-4a68-861e-64b4efbb8c43",1960,"Eunicea tourneforti"
"727","USNM 51731","Specimen/Lot","Eunicea tourneforti Milne Edwards & Haime, 1857","Plexauridae","Cnidaria","Anthozoa","Gorgonacea","Bayer, Frederick M., Smithsonian Institution, National Museum of Natural History","","Eunicea tourneforti Milne Edwards & Haime, 1857 : Plexauridae : Gorgonacea : Anthozoa : Cnidaria","","","","","Animalia, Cnidaria, Anthozoa, Octocorallia, Gorgonacea, Holaxonia, Plexauridae, Plexaurinae","Octocorals","","1",NA,"Dry","14","Tucker, T.","25 Aug 1960","","North Atlantic Ocean","","","Bermuda","","","","St. George's Island, Fort St. Catherine",NA,NA,NA,"","","",NA,"","6 to 9","",NA,"","","",232609,NA,NA,NA,NA,"",NA,NA,NA,"14 Jan 2013 18:22:00","http://n2t.net/ark:/65665/38379b2b5-27c8-4d89-8ace-267ac4ab0be1",1960,"Eunicea tourneforti"
"728","USNM 51732","Specimen/Lot","Eunicea tourneforti Milne Edwards & Haime, 1857","Plexauridae","Cnidaria","Anthozoa","Gorgonacea","Bayer, Frederick M., Smithsonian Institution, National Museum of Natural History","","Eunicea tourneforti Milne Edwards & Haime, 1857 : Plexauridae : Gorgonacea : Anthozoa : Cnidaria","","","","","Animalia, Cnidaria, Anthozoa, Octocorallia, Gorgonacea, Holaxonia, Plexauridae, Plexaurinae","Octocorals","","1",NA,"Dry","14","Tucker, T.","25 Aug 1960","","North Atlantic Ocean","","","Bermuda","","","","St. George's Island, Fort St. Catherine",NA,NA,NA,"","","",NA,"","6 to 9","",NA,"","","",232609,NA,NA,NA,NA,"",NA,NA,NA,"14 Jan 2013 18:22:00","http://n2t.net/ark:/65665/380998568-3639-4c96-9a73-b68c6a11f8bd",1960,"Eunicea tourneforti"
"729","USNM 51833","Specimen/Lot","Eunicea tourneforti Milne Edwards & Haime, 1857","Plexauridae","Cnidaria","Anthozoa","Gorgonacea","Bayer, Frederick M., Smithsonian Institution, National Museum of Natural History","","Eunicea tourneforti Milne Edwards & Haime, 1857 : Plexauridae : Gorgonacea : Anthozoa : Cnidaria","","","","","Animalia, Cnidaria, Anthozoa, Octocorallia, Gorgonacea, Holaxonia, Plexauridae, Plexaurinae","Octocorals","","1",NA,"Dry","14","Tucker, T.","25 Aug 1960","","North Atlantic Ocean","","","Bermuda","","","","St. George's Island, Fort St. Catherine",NA,NA,NA,"","","",NA,"","6 to 9","",NA,"","","",232609,NA,NA,NA,NA,"",NA,NA,NA,"14 Jan 2013 18:22:00","http://n2t.net/ark:/65665/3562ba3ad-dcf1-424d-8e0c-a236fc586606",1960,"Eunicea tourneforti"
"730","USNM 51834","Specimen/Lot","Eunicea tourneforti Milne Edwards & Haime, 1857","Plexauridae","Cnidaria","Anthozoa","Gorgonacea","Bayer, Frederick M., Smithsonian Institution, National Museum of Natural History","","Eunicea tourneforti Milne Edwards & Haime, 1857 : Plexauridae : Gorgonacea : Anthozoa : Cnidaria","","","","","Animalia, Cnidaria, Anthozoa, Octocorallia, Gorgonacea, Holaxonia, Plexauridae, Plexaurinae","Octocorals","","1",NA,"Dry","14","Tucker, T.","25 Aug 1960","","North Atlantic Ocean","","","Bermuda","","","","St. George's Island, Fort St. Catherine",NA,NA,NA,"","","",NA,"","6 to 9","",NA,"","","",232609,NA,NA,NA,NA,"",NA,NA,NA,"14 Jan 2013 18:22:00","http://n2t.net/ark:/65665/341a5f0c9-2bb9-42c7-8371-f70abd000abc",1960,"Eunicea tourneforti"
"731","USNM 51835","Specimen/Lot","Eunicea tourneforti Milne Edwards & Haime, 1857","Plexauridae","Cnidaria","Anthozoa","Gorgonacea","Bayer, Frederick M., Smithsonian Institution, National Museum of Natural History","","Eunicea tourneforti Milne Edwards & Haime, 1857 : Plexauridae : Gorgonacea : Anthozoa : Cnidaria","","","","","Animalia, Cnidaria, Anthozoa, Octocorallia, Gorgonacea, Holaxonia, Plexauridae, Plexaurinae","Octocorals","","1",NA,"Dry","20","Tucker, T.","1 Sep 1960","","North Atlantic Ocean","","","Bermuda","","","","Somerset Island, SW Of",NA,NA,NA,"","","",NA,"","5.5 to 6.1","",NA,"","","",232609,NA,NA,NA,NA,"",NA,NA,NA,"16 Jun 2016 13:13:00","http://n2t.net/ark:/65665/33eab8160-50f2-429a-b7d7-6f10141c07d3",1960,"Eunicea tourneforti"
"732","USNM 51857","Specimen/Lot","Eunicea tourneforti Milne Edwards & Haime, 1857","Plexauridae","Cnidaria","Anthozoa","Gorgonacea","Bayer, Frederick M., Smithsonian Institution, National Museum of Natural History","1960","Eunicea tourneforti Milne Edwards & Haime, 1857 : Plexauridae : Gorgonacea : Anthozoa : Cnidaria","","","","","Animalia, Cnidaria, Anthozoa, Octocorallia, Gorgonacea, Holaxonia, Plexauridae, Plexaurinae","Octocorals","","1",NA,"Dry","","Bayer, F. M.","10 Oct 1960","","North Atlantic Ocean","","","United States","Florida","","","Miami, Biscayne Bay, Soldier Key",NA,NA,NA,"","","",NA,"","","",NA,"","","",231965,NA,NA,NA,NA,"",NA,NA,NA,"14 Jan 2013 18:22:00","http://n2t.net/ark:/65665/3f579a9a7-bc23-45aa-9e9f-51c4a8101533",1960,"Eunicea tourneforti"
"733","USNM 51858","Specimen/Lot","Eunicea tourneforti Milne Edwards & Haime, 1857","Plexauridae","Cnidaria","Anthozoa","Gorgonacea","Bayer, Frederick M., Smithsonian Institution, National Museum of Natural History","1960","Eunicea tourneforti Milne Edwards & Haime, 1857 : Plexauridae : Gorgonacea : Anthozoa : Cnidaria","","","","","Animalia, Cnidaria, Anthozoa, Octocorallia, Gorgonacea, Holaxonia, Plexauridae, Plexaurinae","Octocorals","","1",NA,"Dry","","Bayer, F. M.","10 Oct 1960","","North Atlantic Ocean","","","United States","Florida","","","Miami, Biscayne Bay, Soldier Key",NA,NA,NA,"","","",NA,"","","",NA,"","","",231965,NA,NA,NA,NA,"",NA,NA,NA,"14 Jan 2013 18:22:00","http://n2t.net/ark:/65665/3120507e2-6900-4e63-82ce-47be30b07573",1960,"Eunicea tourneforti"
"734","USNM 51859","Specimen/Lot","Eunicea tourneforti Milne Edwards & Haime, 1857","Plexauridae","Cnidaria","Anthozoa","Gorgonacea","Bayer, Frederick M., Smithsonian Institution, National Museum of Natural History","1960","Eunicea tourneforti Milne Edwards & Haime, 1857 : Plexauridae : Gorgonacea : Anthozoa : Cnidaria","","","","","Animalia, Cnidaria, Anthozoa, Octocorallia, Gorgonacea, Holaxonia, Plexauridae, Plexaurinae","Octocorals","","1",NA,"Dry","","Bayer, F. M.","10 Oct 1960","","North Atlantic Ocean","","","United States","Florida","","","Miami, Biscayne Bay, Soldier Key",NA,NA,NA,"","","",NA,"","","",NA,"","","",231965,NA,NA,NA,NA,"",NA,NA,NA,"14 Jan 2013 18:22:00","http://n2t.net/ark:/65665/34e145a32-ebf9-4bfe-80d4-8f144728bd2a",1960,"Eunicea tourneforti"
"735","USNM 51860","Specimen/Lot","Eunicea tourneforti Milne Edwards & Haime, 1857","Plexauridae","Cnidaria","Anthozoa","Gorgonacea","Bayer, Frederick M., Smithsonian Institution, National Museum of Natural History","1960","Eunicea tourneforti Milne Edwards & Haime, 1857 : Plexauridae : Gorgonacea : Anthozoa : Cnidaria","","","","","Animalia, Cnidaria, Anthozoa, Octocorallia, Gorgonacea, Holaxonia, Plexauridae, Plexaurinae","Octocorals","","1",NA,"Dry","","Bayer, F. M.","10 Oct 1960","","North Atlantic Ocean","","","United States","Florida","","","Miami, Biscayne Bay, Soldier Key",NA,NA,NA,"","","",NA,"","","",NA,"","","",231965,NA,NA,NA,NA,"",NA,NA,NA,"14 Jan 2013 18:22:00","http://n2t.net/ark:/65665/3a6620c1e-4c98-4825-97cd-bb988f4c7186",1960,"Eunicea tourneforti"
"736","USNM 51861","Specimen/Lot","Eunicea tourneforti Milne Edwards & Haime, 1857","Plexauridae","Cnidaria","Anthozoa","Gorgonacea","Bayer, Frederick M., Smithsonian Institution, National Museum of Natural History","1960","Eunicea tourneforti Milne Edwards & Haime, 1857 : Plexauridae : Gorgonacea : Anthozoa : Cnidaria","","","","","Animalia, Cnidaria, Anthozoa, Octocorallia, Gorgonacea, Holaxonia, Plexauridae, Plexaurinae","Octocorals","","1",NA,"Dry","","Bayer, F. M.","10 Oct 1960","","North Atlantic Ocean","","","United States","Florida","","","Miami, Biscayne Bay, Soldier Key",NA,NA,NA,"","","",NA,"","","",NA,"","","",231965,NA,NA,NA,NA,"",NA,NA,NA,"14 Jan 2013 18:22:00","http://n2t.net/ark:/65665/3b006829f-b532-44c4-850a-afd463ca05a7",1960,"Eunicea tourneforti"
"737","USNM 51862","Specimen/Lot","Eunicea tourneforti Milne Edwards & Haime, 1857","Plexauridae","Cnidaria","Anthozoa","Gorgonacea","Bayer, Frederick M., Smithsonian Institution, National Museum of Natural History","","Eunicea tourneforti Milne Edwards & Haime, 1857 : Plexauridae : Gorgonacea : Anthozoa : Cnidaria","","","","","Animalia, Cnidaria, Anthozoa, Octocorallia, Gorgonacea, Holaxonia, Plexauridae, Plexaurinae","Octocorals","","1",NA,"Dry","14","Tucker, T.","25 Aug 1960","","North Atlantic Ocean","","","Bermuda","","","","St. George's Island, Fort St. Catherine",NA,NA,NA,"","","",NA,"","6 to 9","",NA,"","","",232609,NA,NA,NA,NA,"",NA,NA,NA,"14 Jan 2013 18:22:00","http://n2t.net/ark:/65665/367c3c4e5-cbfe-4fa5-83e8-2220e52c7ea4",1960,"Eunicea tourneforti"
"738","USNM 51863","Specimen/Lot","Eunicea tourneforti Milne Edwards & Haime, 1857","Plexauridae","Cnidaria","Anthozoa","Gorgonacea","Bayer, Frederick M., Smithsonian Institution, National Museum of Natural History","","Eunicea tourneforti Milne Edwards & Haime, 1857 : Plexauridae : Gorgonacea : Anthozoa : Cnidaria","","","","","Animalia, Cnidaria, Anthozoa, Octocorallia, Gorgonacea, Holaxonia, Plexauridae, Plexaurinae","Octocorals","","1",NA,"Dry","14","Tucker, T.","25 Aug 1960","","North Atlantic Ocean","","","Bermuda","","","","St. George's Island, Fort St. Catherine",NA,NA,NA,"","","",NA,"","6 to 9","",NA,"","","",232609,NA,NA,NA,NA,"",NA,NA,NA,"14 Jan 2013 18:22:00","http://n2t.net/ark:/65665/3c1b9f6fe-3f2b-4931-a806-4bb69425d220",1960,"Eunicea tourneforti"
"739","USNM 51892","Specimen/Lot","Eunicea tourneforti Milne Edwards & Haime, 1857","Plexauridae","Cnidaria","Anthozoa","Gorgonacea","Bayer, Frederick M., Smithsonian Institution, National Museum of Natural History","1960","Eunicea tourneforti Milne Edwards & Haime, 1857 : Plexauridae : Gorgonacea : Anthozoa : Cnidaria","","","","","Animalia, Cnidaria, Anthozoa, Octocorallia, Gorgonacea, Holaxonia, Plexauridae, Plexaurinae","Octocorals","","1",NA,"Dry","","Bayer, F. M.","10 Oct 1960","","North Atlantic Ocean","","","United States","Florida","","","Miami, Biscayne Bay, Soldier Key",NA,NA,NA,"","","",NA,"","","",NA,"","","",231965,NA,NA,NA,NA,"",NA,NA,NA,"14 Jan 2013 18:22:00","http://n2t.net/ark:/65665/35e9d9e30-e44b-4b8f-9f83-933d8d1fb278",1960,"Eunicea tourneforti"
"740","USNM 52026","Specimen/Lot","Eunicea tourneforti Milne Edwards & Haime, 1857","Plexauridae","Cnidaria","Anthozoa","Gorgonacea","Bayer, Frederick M., Smithsonian Institution, National Museum of Natural History","","Eunicea tourneforti Milne Edwards & Haime, 1857 : Plexauridae : Gorgonacea : Anthozoa : Cnidaria","","","","","Animalia, Cnidaria, Anthozoa, Octocorallia, Gorgonacea, Holaxonia, Plexauridae, Plexaurinae","Octocorals","","2",NA,"Dry","","Stanton, W. A.","Aug 1898","","North Atlantic Ocean","Caribbean Sea","","Belize","","","","Reef at Spanish Caye",NA,NA,NA,"","","",NA,"","","",NA,"","","",34976,NA,NA,NA,NA,"",NA,NA,NA,"01 Apr 2016 14:57:00","http://n2t.net/ark:/65665/3773df829-fab4-445a-8435-cd422a674010",1898,"Eunicea tourneforti"
"741","USNM 52294","Specimen/Lot","Eunicea tourneforti Milne Edwards & Haime, 1857","Plexauridae","Cnidaria","Anthozoa","Gorgonacea","Bayer, Frederick M., Smithsonian Institution, National Museum of Natural History","","Eunicea tourneforti Milne Edwards & Haime, 1857 : Plexauridae : Gorgonacea : Anthozoa : Cnidaria","","","","","Animalia, Cnidaria, Anthozoa, Octocorallia, Gorgonacea, Holaxonia, Plexauridae, Plexaurinae","Octocorals","","0",NA,"Dry","","","","","North Atlantic Ocean","","","United States","Florida","","","",NA,NA,NA,"","","",NA,"","","",NA,"","","",0,NA,NA,NA,NA,"",NA,NA,NA,"24 Feb 2025 18:38:00","http://n2t.net/ark:/65665/32190b84d-08fd-4ab4-bd53-eb4d691a5262",NA,"Eunicea tourneforti"
"742","USNM 52295","Specimen/Lot","Eunicea tourneforti Milne Edwards & Haime, 1857","Plexauridae","Cnidaria","Anthozoa","Gorgonacea","Bayer, Frederick M., Smithsonian Institution, National Museum of Natural History","","Eunicea tourneforti Milne Edwards & Haime, 1857 : Plexauridae : Gorgonacea : Anthozoa : Cnidaria","","","","","Animalia, Cnidaria, Anthozoa, Octocorallia, Gorgonacea, Holaxonia, Plexauridae, Plexaurinae","Octocorals","","1",NA,"Dry","","Bartsch, P.","8 May 1912","","North Atlantic Ocean","","","Bahamas","","","","Andros Island, Long Bay Cay, South Of South Bight",NA,NA,NA,"","","",NA,"","","",NA,"","","",54232,NA,NA,NA,NA,"",NA,NA,NA,"31 Oct 2017 17:17:00","http://n2t.net/ark:/65665/30d23963b-8e2d-4ace-98d4-fd00e8fd7209",1912,"Eunicea tourneforti"
"743","USNM 59458","Specimen/Lot","Eunicea tourneforti Milne Edwards & Haime, 1857","Plexauridae","Cnidaria","Anthozoa","Gorgonacea","Bayer, Frederick M., Smithsonian Institution, National Museum of Natural History","","Eunicea tourneforti Milne Edwards & Haime, 1857 : Plexauridae : Gorgonacea : Anthozoa : Cnidaria","","","","","Animalia, Cnidaria, Anthozoa, Octocorallia, Gorgonacea, Holaxonia, Plexauridae, Plexaurinae","Octocorals","","1",NA,"Dry","","Fenical, W. H.","Apr 1980","","North Atlantic Ocean","Caribbean Sea","","Belize","","","","Carrie Bow Cay",16.8,-88.08,NA,"Investigations of Marine Shallow-Water Ecosystems","","",NA,"","","",NA,"","","",327374,NA,NA,NA,NA,"",NA,NA,NA,"14 Jan 2013 18:22:00","http://n2t.net/ark:/65665/3f9fc3623-992b-4248-a4c4-a219e4975880",1980,"Eunicea tourneforti"
"744","USNM 83599","Specimen/Lot","Eunicea tourneforti Milne Edwards & Haime, 1857","Plexauridae","Cnidaria","Anthozoa","Gorgonacea","Bayer, Frederick M., Smithsonian Institution, National Museum of Natural History","Dec 1988","Eunicea tourneforti Milne Edwards & Haime, 1857 : Plexauridae : Gorgonacea : Anthozoa : Cnidaria","","","","","Animalia, Cnidaria, Anthozoa, Octocorallia, Gorgonacea, Holaxonia, Plexauridae, Plexaurinae","Octocorals","","4",NA,"Dry","F87-25","Fenical, W. H.","Jul 1987","","North Atlantic Ocean","Gulf of Mexico","","United States","Florida","","","Florida Keys",NA,NA,NA,"","","",NA,"","8","",NA,"","","",381688,NA,NA,NA,NA,"",NA,NA,NA,"20 Oct 2014 12:40:00","http://n2t.net/ark:/65665/3619f5b46-e600-4c93-8d86-90fb979cba80",1987,"Eunicea tourneforti"
"745","USNM 87085","Specimen/Lot","Eunicea tourneforti Milne Edwards & Haime, 1857","Plexauridae","Cnidaria","Anthozoa","Gorgonacea","","","Eunicea tourneforti Milne Edwards & Haime, 1857 : Plexauridae : Gorgonacea : Anthozoa : Cnidaria","Eunicea (Euniceopsis) tourneforti Milne Edwards & Haime, 1857","","","","Animalia, Cnidaria, Anthozoa, Octocorallia, Gorgonacea, Holaxonia, Plexauridae, Plexaurinae","Octocorals","BOEM Collections; Southwest Florida Shelf Ecosystem Study; SOFLA","1 ca.",NA,"Dry","55","Lgl Ecological Research Associates Inc. And Environmental Science Engineering Inc BLM/ MMS","12 Dec 1984","","North Atlantic Ocean","Gulf of Mexico","","United States","Florida","","","Florida Keys, East Of",24.6028,-82.6994,NA,"SOFLA","Suncoaster R/V","V",NA,"","27","",NA,"","5/V-55-TDS","",345592,NA,NA,NA,NA,"",NA,NA,NA,"28 Jun 2019 18:38:00","http://n2t.net/ark:/65665/3fca0b11a-5058-49cb-9337-40fe8dc28f74",1984,"Eunicea tourneforti"
"746","USNM 1007393","Specimen/Lot","Eunicea tourneforti Milne Edwards & Haime, 1857","Plexauridae","Cnidaria","Anthozoa","Gorgonacea","Sanchez, Juan A., Universidad de Los Andes (COLOMBIA)","13 Jul 2002","Eunicea tourneforti Milne Edwards & Haime, 1857 : Plexauridae : Gorgonacea : Anthozoa : Cnidaria","","","","Voucher","Animalia, Cnidaria, Anthozoa, Octocorallia, Gorgonacea, Holaxonia, Plexauridae, Plexaurinae","Octocorals","","1",NA,"DRY","96","Sanchez, J. A.","13 Jul 2000","","North Atlantic Ocean","","","Bahamas","","","","Exuma Cays, Normand Cay, Big Point",NA,NA,NA,"","","",NA,"","4","",NA,"","","",2027490,NA,NA,NA,NA,"",NA,NA,NA,"22 Jan 2025 19:03:00","http://n2t.net/ark:/65665/3f022fda2-a5a9-45e5-950d-7288f0229e52",2000,"Eunicea tourneforti"
"747","USNM 1018355","Specimen/Lot","Eunicea tourneforti Milne Edwards & Haime, 1857","Plexauridae","Cnidaria","Anthozoa","Gorgonacea","Sanchez, J.","2002","Eunicea tourneforti Milne Edwards & Haime, 1857 : Plexauridae : Gorgonacea : Anthozoa : Cnidaria","","","","","Animalia, Cnidaria, Anthozoa, Octocorallia, Gorgonacea, Holaxonia, Plexauridae, Plexaurinae","Octocorals","","1",NA,"DRY","","Sanchez, J.; Acosta, A.","7 Aug 2002","Scuba","North Atlantic Ocean","Caribbean Sea","Man-O-War Bay","Trinidad and Tobago","","","","Tobago, Pirates Cove",NA,NA,NA,"","","",NA,"","7 to 10","",NA,"","T6","",2027480,NA,NA,NA,NA,"",NA,NA,NA,"14 Jan 2013 18:22:00","http://n2t.net/ark:/65665/37f51bf21-9faf-4b4d-a122-020ded8f0684",2002,"Eunicea tourneforti"
"748","USNM 1125126","Specimen/Lot","Eunicea tourneforti Milne Edwards & Haime, 1857","Plexauridae","Cnidaria","Anthozoa","Gorgonacea","Bayer, Frederick M., Smithsonian Institution, National Museum of Natural History","","Eunicea tourneforti Milne Edwards & Haime, 1857 : Plexauridae : Gorgonacea : Anthozoa : Cnidaria","","","","","Animalia, Cnidaria, Anthozoa, Octocorallia, Gorgonacea, Holaxonia, Plexauridae, Plexaurinae","Octocorals","","1",NA,"Dry","","","Aug 1964","","North Atlantic Ocean","Gulf of Mexico","","Mexico","Veracruz","","","Western side (lado occidental) of Arrecife La Blanquilla",NA,NA,NA,"","","",NA,"","","",NA,"","","",322031,NA,NA,NA,NA,"",NA,NA,NA,"06 Mar 2025 15:42:00","http://n2t.net/ark:/65665/386c68c15-201f-4e6a-bca8-9729aba3482a",1964,"Eunicea tourneforti"
"749","USNM 1128164","Specimen/Lot","Eunicea tourneforti Milne Edwards & Haime, 1857","Plexauridae","Cnidaria","Anthozoa","Gorgonacea","Larson, R. J.","","Eunicea tourneforti Milne Edwards & Haime, 1857 : Plexauridae : Gorgonacea : Anthozoa : Cnidaria","","","","","Animalia, Cnidaria, Anthozoa, Octocorallia, Gorgonacea, Holaxonia, Plexauridae, Plexaurinae","Octocorals","","1",NA,"Dry","","Larson, R. J.","2 May 1972","","North Atlantic Ocean","Caribbean Sea","","Belize","","","","Carrie Bow Cay, 230 feet south of cay",NA,NA,NA,"CCRE - Caribbean Coral Reef Ecosystems, Belize","","",NA,"","4 to 5","",NA,"","","",NA,NA,NA,NA,NA,"",NA,NA,NA,"07 Dec 2020 22:11:00","http://n2t.net/ark:/65665/39865e54e-54ff-430e-b7d7-37a64674f884",1972,"Eunicea tourneforti"
"750","USNM 1180630","Specimen/Lot","Eunicea tourneforti Milne Edwards & Haime, 1857","Plexauridae","Cnidaria","Anthozoa","Gorgonacea","","","Eunicea tourneforti Milne Edwards & Haime, 1857 : Plexauridae : Gorgonacea : Anthozoa : Cnidaria","","","","","Animalia, Cnidaria, Anthozoa, Octocorallia, Gorgonacea, Holaxonia, Plexauridae, Plexaurinae","Octocorals","","1",NA,"Dry","","Bartsch, P.","May 1912","","North Atlantic Ocean","","","Bahamas","","","","",NA,NA,NA,"","","",NA,"","","",NA,"","","",54232,NA,NA,NA,NA,"",NA,NA,NA,"31 Oct 2017 17:17:00","http://n2t.net/ark:/65665/3473192ab-2378-4606-8b59-3f7449914a17",1912,"Eunicea tourneforti"
"751","USNM 1182971","Specimen/Lot","Eunicea tourneforti Milne Edwards & Haime, 1857","Plexauridae","Cnidaria","Anthozoa","Gorgonacea","","","Eunicea tourneforti Milne Edwards & Haime, 1857 : Plexauridae : Gorgonacea : Anthozoa : Cnidaria","","","","","Animalia, Cnidaria, Anthozoa, Octocorallia, Gorgonacea, Holaxonia, Plexauridae, Plexaurinae","Octocorals","","1",NA,"Dry","","Larson, R. J.","29 Apr 1972","","North Atlantic Ocean","Caribbean Sea","","Belize","","","","Carrie Bow Cay",16.8,-88.08,NA,"CCRE - Caribbean Coral Reef Ecosystems, Belize","","",NA,"","1.5","Intertidal",NA,"Tag states, ""coral heads, sand, brown.""","","",300990,NA,NA,NA,NA,"",NA,NA,NA,"30 Sep 2016 15:15:00","http://n2t.net/ark:/65665/343684301-d96d-4d6c-8a51-68919152b87b",1972,"Eunicea tourneforti"
"752","USNM 1207569","Specimen/Lot","Eunicea tourneforti Milne Edwards & Haime, 1857","Plexauridae","Cnidaria","Anthozoa","Gorgonacea","Coffer, Timothy Edward, (IZ), Smithsonian Institution - National Museum of Natural History (UNITED STATES)","","Eunicea tourneforti Milne Edwards & Haime, 1857 : Plexauridae : Gorgonacea : Anthozoa : Cnidaria","","","","","Animalia, Cnidaria, Anthozoa, Octocorallia, Gorgonacea, Holaxonia, Plexauridae, Plexaurinae","Octocorals","","1",NA,"Dry","2655","United States Fish Commission","2 May 1886","Trawl - Large Beam","North Atlantic Ocean","","","Bahamas","","","","Little Bahama Bank, Grand Cay, North of",27.3667,-78.125,NA,"","Albatross R/V","",NA,"","618","",NA,"","USFC/A2655","catalog number : 14369",NA,NA,NA,NA,NA,"",NA,NA,NA,"31 Jan 2018 19:12:00","http://n2t.net/ark:/65665/38e52132f-021f-4f09-9e25-a0aeb0c8f395",1886,"Eunicea tourneforti"
"753","USNM 1219274","Specimen/Lot","Eunicea tourneforti Milne Edwards & Haime, 1857","Plexauridae","Cnidaria","Anthozoa","Gorgonacea","","","Eunicea tourneforti Milne Edwards & Haime, 1857 : Plexauridae : Gorgonacea : Anthozoa : Cnidaria","","","","","Animalia, Cnidaria, Anthozoa, Octocorallia, Gorgonacea, Holaxonia, Plexauridae, Plexaurinae","Octocorals","","1",NA,"Dry","469","","","","North Atlantic Ocean","Caribbean Sea","","Venezuela","","","","Los Roques",NA,NA,NA,"","","",NA,"","","",NA,"","","",NA,NA,NA,NA,NA,"",NA,NA,NA,"27 Aug 2013 13:06:00","http://n2t.net/ark:/65665/33062b3cb-06d5-44af-ba56-8bb00bc3e9ca",NA,"Eunicea tourneforti"
"754","USNM 1219275","Specimen/Lot","Eunicea tourneforti Milne Edwards & Haime, 1857","Plexauridae","Cnidaria","Anthozoa","Gorgonacea","","","Eunicea tourneforti Milne Edwards & Haime, 1857 : Plexauridae : Gorgonacea : Anthozoa : Cnidaria","","","","","Animalia, Cnidaria, Anthozoa, Octocorallia, Gorgonacea, Holaxonia, Plexauridae, Plexaurinae","Octocorals","","1",NA,"Dry","PR32","","13 Jul 1968 (VII/13/68)","","North Atlantic Ocean","Caribbean Sea","","Puerto Rico","","","","La Parquera",NA,NA,NA,"","","",NA,"","30","",NA,"","","",NA,NA,NA,NA,NA,"",NA,NA,NA,"27 Aug 2013 13:06:00","http://n2t.net/ark:/65665/3bc6e3d4e-0105-46b8-9c06-fa85e6c00a24",1968,"Eunicea tourneforti"
"755","USNM 1219276","Specimen/Lot","Eunicea tourneforti Milne Edwards & Haime, 1857","Plexauridae","Cnidaria","Anthozoa","Gorgonacea","","","Eunicea tourneforti Milne Edwards & Haime, 1857 : Plexauridae : Gorgonacea : Anthozoa : Cnidaria","","","","","Animalia, Cnidaria, Anthozoa, Octocorallia, Gorgonacea, Holaxonia, Plexauridae, Plexaurinae","Octocorals","","1",NA,"Dry","","Tabb, D.","3 May 1961","","North Atlantic Ocean","","","United States","Florida","","Miami","Fisher Island",NA,NA,NA,"","","",NA,"","6","",NA,"collector's notes: ""Eunicea (calyculata group) -see species 40, p. 160- very ornate, foliate forms, ?clules 4-9?""","","",NA,NA,NA,NA,NA,"",NA,NA,NA,"27 Aug 2013 13:06:00","http://n2t.net/ark:/65665/3260b68c9-4c72-4d5a-93c2-1d2d6bc339a0",1961,"Eunicea tourneforti"
"756","USNM 1219277","Specimen/Lot","Eunicea tourneforti Milne Edwards & Haime, 1857","Plexauridae","Cnidaria","Anthozoa","Gorgonacea","","","Eunicea tourneforti Milne Edwards & Haime, 1857 : Plexauridae : Gorgonacea : Anthozoa : Cnidaria","","","","","Animalia, Cnidaria, Anthozoa, Octocorallia, Gorgonacea, Holaxonia, Plexauridae, Plexaurinae","Octocorals","","2",NA,"Dry","","Boehme, M. H.; Bayer, F. M.","26 Apr 1948","","North Atlantic Ocean","Gulf of Mexico","","United States","Florida","","","Florida Keys, Dry Tortugas, Garden Key, West Side Of Fort Jefferson, moat wall",NA,NA,NA,"","","",NA,"","","",NA,"bagged with specimen catalogue # 1219278","","",178792,NA,NA,NA,NA,"",NA,NA,NA,"27 Aug 2013 13:06:00","http://n2t.net/ark:/65665/379eda0c8-7a3e-4cf8-a71f-1106cf4e55f0",1948,"Eunicea tourneforti"
"757","USNM 1219278","Specimen/Lot","Eunicea tourneforti Milne Edwards & Haime, 1857","Plexauridae","Cnidaria","Anthozoa","Gorgonacea","","","Eunicea tourneforti Milne Edwards & Haime, 1857 : Plexauridae : Gorgonacea : Anthozoa : Cnidaria","","","","","Animalia, Cnidaria, Anthozoa, Octocorallia, Gorgonacea, Holaxonia, Plexauridae, Plexaurinae","Octocorals","","1",NA,"Dry","","Bayer, F. M.","20 Mar 1948","","North Atlantic Ocean","","","United States","Florida","","","Miami, Key Biscayne, Soldier Key, lower Biscayne Bay",NA,NA,NA,"","","",NA,"","","",NA,"bagged with two specimens catalogue # 1219277","","",178792,NA,NA,NA,NA,"",NA,NA,NA,"27 Aug 2013 13:06:00","http://n2t.net/ark:/65665/33ca50580-ecc2-46be-a161-a71f9dfc8b99",1948,"Eunicea tourneforti"
"758","USNM 1219279","Specimen/Lot","Eunicea tourneforti Milne Edwards & Haime, 1857","Plexauridae","Cnidaria","Anthozoa","Gorgonacea","","","Eunicea tourneforti Milne Edwards & Haime, 1857 : Plexauridae : Gorgonacea : Anthozoa : Cnidaria","","","","","Animalia, Cnidaria, Anthozoa, Octocorallia, Gorgonacea, Holaxonia, Plexauridae, Plexaurinae","Octocorals","","1",NA,"Dry","H-1","Stephenson","","","North Atlantic Ocean","Caribbean Sea","","Puerto Rico","","","","",NA,NA,NA,"","","",NA,"","","",NA,"","","",NA,NA,NA,NA,NA,"",NA,NA,NA,"27 Aug 2013 13:06:00","http://n2t.net/ark:/65665/33454df1d-4664-4f7d-9c9d-07a9d1d23c93",NA,"Eunicea tourneforti"
"759","USNM 1219280","Specimen/Lot","Eunicea tourneforti Milne Edwards & Haime, 1857","Plexauridae","Cnidaria","Anthozoa","Gorgonacea","","","Eunicea tourneforti Milne Edwards & Haime, 1857 : Plexauridae : Gorgonacea : Anthozoa : Cnidaria","","","","","Animalia, Cnidaria, Anthozoa, Octocorallia, Gorgonacea, Holaxonia, Plexauridae, Plexaurinae","Octocorals","","1",NA,"Dry","A-","Stephenson","","","North Atlantic Ocean","Caribbean Sea","","Puerto Rico","","","","",NA,NA,NA,"","","",NA,"","","",NA,"","","",NA,NA,NA,NA,NA,"",NA,NA,NA,"27 Aug 2013 13:06:00","http://n2t.net/ark:/65665/35486a4a5-4c2b-4ed5-a34d-b1d23c95debf",NA,"Eunicea tourneforti"
"760","USNM 1219281","Specimen/Lot","Eunicea tourneforti Milne Edwards & Haime, 1857","Plexauridae","Cnidaria","Anthozoa","Gorgonacea","","","Eunicea tourneforti Milne Edwards & Haime, 1857 : Plexauridae : Gorgonacea : Anthozoa : Cnidaria","","","","","Animalia, Cnidaria, Anthozoa, Octocorallia, Gorgonacea, Holaxonia, Plexauridae, Plexaurinae","Octocorals","","1",NA,"Dry","A-5","Stephenson","","","North Atlantic Ocean","Caribbean Sea","","Puerto Rico","","","","",NA,NA,NA,"","","",NA,"","","",NA,"","","",NA,NA,NA,NA,NA,"",NA,NA,NA,"27 Aug 2013 13:06:00","http://n2t.net/ark:/65665/3eeb0cdb9-11e8-4ba3-8b69-ca62bbf2665a",NA,"Eunicea tourneforti"
"761","USNM 1219282","Specimen/Lot","Eunicea tourneforti Milne Edwards & Haime, 1857","Plexauridae","Cnidaria","Anthozoa","Gorgonacea","","","Eunicea tourneforti Milne Edwards & Haime, 1857 : Plexauridae : Gorgonacea : Anthozoa : Cnidaria","","","","","Animalia, Cnidaria, Anthozoa, Octocorallia, Gorgonacea, Holaxonia, Plexauridae, Plexaurinae","Octocorals","","1",NA,"Dry","A-8","Stephenson","","","North Atlantic Ocean","Caribbean Sea","","Puerto Rico","","","","",NA,NA,NA,"","","",NA,"","","",NA,"","","",NA,NA,NA,NA,NA,"",NA,NA,NA,"27 Aug 2013 13:06:00","http://n2t.net/ark:/65665/31931b320-81db-4887-913f-8df48c6908c5",NA,"Eunicea tourneforti"
"762","USNM 1219283","Specimen/Lot","Eunicea tourneforti Milne Edwards & Haime, 1857","Plexauridae","Cnidaria","Anthozoa","Gorgonacea","","","Eunicea tourneforti Milne Edwards & Haime, 1857 : Plexauridae : Gorgonacea : Anthozoa : Cnidaria","","","","","Animalia, Cnidaria, Anthozoa, Octocorallia, Gorgonacea, Holaxonia, Plexauridae, Plexaurinae","Octocorals","","1",NA,"Dry","PR72","Kinzie, R. A.","14 Jul 1968","","North Atlantic Ocean","Caribbean Sea","","Puerto Rico","","","","Boloudora Beach",NA,NA,NA,"","","",NA,"","0 to 4","",NA,"","","",NA,NA,NA,NA,NA,"",NA,NA,NA,"27 Aug 2013 13:06:00","http://n2t.net/ark:/65665/3125bce5e-8628-41aa-bfea-bec4c904e579",1968,"Eunicea tourneforti"
"763","USNM 1219284","Specimen/Lot","Eunicea tourneforti Milne Edwards & Haime, 1857","Plexauridae","Cnidaria","Anthozoa","Gorgonacea","","","Eunicea tourneforti Milne Edwards & Haime, 1857 : Plexauridae : Gorgonacea : Anthozoa : Cnidaria","","","","","Animalia, Cnidaria, Anthozoa, Octocorallia, Gorgonacea, Holaxonia, Plexauridae, Plexaurinae","Octocorals","","1",NA,"Dry","J99","Kinzie, R. A.","","","North Atlantic Ocean","Caribbean Sea","","Jamaica","","","","Discovery Bay, Little Bay",NA,NA,NA,"","","",NA,"","","",NA,"","","",NA,NA,NA,NA,NA,"",NA,NA,NA,"27 Aug 2013 13:06:00","http://n2t.net/ark:/65665/39623170d-72ef-4153-ac24-4fc4c8aba0ff",NA,"Eunicea tourneforti"
"764","USNM 1219285","Specimen/Lot","Eunicea tourneforti Milne Edwards & Haime, 1857","Plexauridae","Cnidaria","Anthozoa","Gorgonacea","","","Eunicea tourneforti Milne Edwards & Haime, 1857 : Plexauridae : Gorgonacea : Anthozoa : Cnidaria","","","","","Animalia, Cnidaria, Anthozoa, Octocorallia, Gorgonacea, Holaxonia, Plexauridae, Plexaurinae","Octocorals","","1",NA,"Dry","J112","Kinzie, R. A.","","","North Atlantic Ocean","Caribbean Sea","","Jamaica","","","","Discovery Bay, Little Bay",NA,NA,NA,"","","",NA,"","15","",NA,"","","",NA,NA,NA,NA,NA,"",NA,NA,NA,"27 Aug 2013 13:06:00","http://n2t.net/ark:/65665/33076daba-49bb-4315-b21b-e4f7e6309efc",NA,"Eunicea tourneforti"
"765","USNM 1219286","Specimen/Lot","Eunicea tourneforti Milne Edwards & Haime, 1857","Plexauridae","Cnidaria","Anthozoa","Gorgonacea","","","Eunicea tourneforti Milne Edwards & Haime, 1857 : Plexauridae : Gorgonacea : Anthozoa : Cnidaria","","","","","Animalia, Cnidaria, Anthozoa, Octocorallia, Gorgonacea, Holaxonia, Plexauridae, Plexaurinae","Octocorals","","1",NA,"Dry","J74","Kinzie, R. A.","","","North Atlantic Ocean","Caribbean Sea","","Jamaica","","","","Discovery Bay, Little Bay",NA,NA,NA,"","","",NA,"","","",NA,"","","collector number : #9",NA,NA,NA,NA,NA,"",NA,NA,NA,"27 Aug 2013 13:06:00","http://n2t.net/ark:/65665/3c5abf6a7-c0ca-43db-b97d-72b35d14b426",NA,"Eunicea tourneforti"
"766","USNM 1219287","Specimen/Lot","Eunicea tourneforti Milne Edwards & Haime, 1857","Plexauridae","Cnidaria","Anthozoa","Gorgonacea","","","Eunicea tourneforti Milne Edwards & Haime, 1857 : Plexauridae : Gorgonacea : Anthozoa : Cnidaria","","","","","Animalia, Cnidaria, Anthozoa, Octocorallia, Gorgonacea, Holaxonia, Plexauridae, Plexaurinae","Octocorals","","1",NA,"Dry","","Kinzie, R. A.","10 Aug 1968 (Aug 10, 1968)","","North Atlantic Ocean","Caribbean Sea","","Jamaica","","","","Discovery Bay, back reef of Buoy",NA,NA,NA,"","","",NA,"","","",NA,"collector's notes: ""like clauigera but no purple spicula""","","",NA,NA,NA,NA,NA,"",NA,NA,NA,"27 Aug 2013 13:06:00","http://n2t.net/ark:/65665/3c77645e2-e88f-4ff7-97c8-32649438424c",1968,"Eunicea tourneforti"
"767","USNM 1219288","Specimen/Lot","Eunicea tourneforti Milne Edwards & Haime, 1857","Plexauridae","Cnidaria","Anthozoa","Gorgonacea","","","Eunicea tourneforti Milne Edwards & Haime, 1857 : Plexauridae : Gorgonacea : Anthozoa : Cnidaria","","","","","Animalia, Cnidaria, Anthozoa, Octocorallia, Gorgonacea, Holaxonia, Plexauridae, Plexaurinae","Octocorals","","1",NA,"Dry","","Kinzie, R. A.","Aug 1969 (8/69)","","North Atlantic Ocean","Caribbean Sea","","Jamaica","","","","Discovery Bay",NA,NA,NA,"","","",NA,"","34","",NA,"","","collector number : R1",NA,NA,NA,NA,NA,"",NA,NA,NA,"27 Aug 2013 13:06:00","http://n2t.net/ark:/65665/3828d3d52-1912-407f-971f-9ab8d806858b",1969,"Eunicea tourneforti"
"768","USNM 1219289","Specimen/Lot","Eunicea tourneforti Milne Edwards & Haime, 1857","Plexauridae","Cnidaria","Anthozoa","Gorgonacea","","","Eunicea tourneforti Milne Edwards & Haime, 1857 : Plexauridae : Gorgonacea : Anthozoa : Cnidaria","","","","","Animalia, Cnidaria, Anthozoa, Octocorallia, Gorgonacea, Holaxonia, Plexauridae, Plexaurinae","Octocorals","","1",NA,"Dry","UHK40","Kinzie, R. A.","","","North Atlantic Ocean","Caribbean Sea","","Jamaica","","","","Discovery Bay, Ceru Dest site",NA,NA,NA,"","","",NA,"","","",NA,"collector's tag: ""UHK40 EJA""","","",NA,NA,NA,NA,NA,"",NA,NA,NA,"27 Aug 2013 13:06:00","http://n2t.net/ark:/65665/34337a061-1872-4bc3-a27e-7b2b2ac92625",NA,"Eunicea tourneforti"
"769","USNM 1219290","Specimen/Lot","Eunicea tourneforti Milne Edwards & Haime, 1857","Plexauridae","Cnidaria","Anthozoa","Gorgonacea","","","Eunicea tourneforti Milne Edwards & Haime, 1857 : Plexauridae : Gorgonacea : Anthozoa : Cnidaria","","","","","Animalia, Cnidaria, Anthozoa, Octocorallia, Gorgonacea, Holaxonia, Plexauridae, Plexaurinae","Octocorals","","1",NA,"Dry","","Kinzie, R. A.","22 Feb 1965 (26 FEB 1969)","","North Atlantic Ocean","Caribbean Sea","","Netherlands Antilles","","","","Curacao, Piscadera Bay",NA,NA,NA,"","","",NA,"","","",NA,"collector's notes: ""colony ?fan moh? but lots of gradiata Purple spicules & odd bunch & spindles""","","",NA,NA,NA,NA,NA,"",NA,NA,NA,"27 Aug 2013 13:06:00","http://n2t.net/ark:/65665/3374933dc-1598-471b-bc8d-22b9f2b2ece2",1969,"Eunicea tourneforti"
"770","USNM 1219291","Specimen/Lot","Eunicea tourneforti Milne Edwards & Haime, 1857","Plexauridae","Cnidaria","Anthozoa","Gorgonacea","","","Eunicea tourneforti Milne Edwards & Haime, 1857 : Plexauridae : Gorgonacea : Anthozoa : Cnidaria","","","","","Animalia, Cnidaria, Anthozoa, Octocorallia, Gorgonacea, Holaxonia, Plexauridae, Plexaurinae","Octocorals","","6",NA,"Dry","X2, X7, X13, X17, X19, X27","Kinzie, R. A.","Feb 1970 (2/70)","","North Atlantic Ocean","Caribbean Sea","","Jamaica","","","","Discovery Bay",NA,NA,NA,"","","",NA,"","20","",NA,"collector tagged as items: X2, X7, X13, X17, X19, X27","","collector number : X2; collector number : X7; collector number : X13; collector number : X17; collector number : X19; collector number : X27",NA,NA,NA,NA,NA,"",NA,NA,NA,"27 Aug 2013 13:06:00","http://n2t.net/ark:/65665/38df5a03b-c7d1-4407-879d-9f991faeff0b",1970,"Eunicea tourneforti"
"771","USNM 1219292","Specimen/Lot","Eunicea tourneforti Milne Edwards & Haime, 1857","Plexauridae","Cnidaria","Anthozoa","Gorgonacea","","","Eunicea tourneforti Milne Edwards & Haime, 1857 : Plexauridae : Gorgonacea : Anthozoa : Cnidaria","","","","","Animalia, Cnidaria, Anthozoa, Octocorallia, Gorgonacea, Holaxonia, Plexauridae, Plexaurinae","Octocorals","","4",NA,"Dry","","Kinzie, R. A.","","","North Atlantic Ocean","Caribbean Sea","","Jamaica","","","","Discovery Bay",NA,NA,NA,"","","",NA,"","","",NA,"collector tagges as C2, C4, C5, 2","","collector number : C2, C4, C5, 2",NA,NA,NA,NA,NA,"",NA,NA,NA,"27 Aug 2013 13:06:00","http://n2t.net/ark:/65665/3dd698ec3-1aa2-48de-bced-6abc05370aca",NA,"Eunicea tourneforti"
"772","USNM 1219293","Specimen/Lot","Eunicea tourneforti Milne Edwards & Haime, 1857","Plexauridae","Cnidaria","Anthozoa","Gorgonacea","","","Eunicea tourneforti Milne Edwards & Haime, 1857 : Plexauridae : Gorgonacea : Anthozoa : Cnidaria","","","","","Animalia, Cnidaria, Anthozoa, Octocorallia, Gorgonacea, Holaxonia, Plexauridae, Plexaurinae","Octocorals","","1",NA,"Dry","","Goreau, T. F.","8 Apr 1963","","North Atlantic Ocean","Caribbean Sea","","Jamaica","","","","Cardiff Hall",NA,NA,NA,"","","",NA,"","24 to 35","",NA,"","","",NA,NA,NA,NA,NA,"",NA,NA,NA,"27 Aug 2013 13:06:00","http://n2t.net/ark:/65665/3bf826709-d906-4e26-b4a0-7b9c87b2655c",1963,"Eunicea tourneforti"
"773","USNM 1219294","Specimen/Lot","Eunicea tourneforti Milne Edwards & Haime, 1857","Plexauridae","Cnidaria","Anthozoa","Gorgonacea","","","Eunicea tourneforti Milne Edwards & Haime, 1857 : Plexauridae : Gorgonacea : Anthozoa : Cnidaria","","","","","Animalia, Cnidaria, Anthozoa, Octocorallia, Gorgonacea, Holaxonia, Plexauridae, Plexaurinae","Octocorals","","2",NA,"Dry; Dry","630","","21 Mar 1968","","North Atlantic Ocean","Caribbean Sea","","Honduras","","","","Castilla Point, SW of",15.9867,-86.0333,NA,"","Pillsbury R/V","6802",NA,"","35 to 37","",NA,"","P630","",NA,NA,NA,NA,NA,"",NA,NA,NA,"30 Sep 2013 16:07:00","http://n2t.net/ark:/65665/3f5e8fb25-8502-4eab-aa28-cf985d83cda9",1968,"Eunicea tourneforti"
"774","USNM 1219295","Specimen/Lot","Eunicea tourneforti Milne Edwards & Haime, 1857","Plexauridae","Cnidaria","Anthozoa","Gorgonacea","","","Eunicea tourneforti Milne Edwards & Haime, 1857 : Plexauridae : Gorgonacea : Anthozoa : Cnidaria","","","","","Animalia, Cnidaria, Anthozoa, Octocorallia, Gorgonacea, Holaxonia, Plexauridae, Plexaurinae","Octocorals","","5 LOT",NA,"Dry; Dry; Dry; Dry","746","","24 Jul 1968","","North Atlantic Ocean","Caribbean Sea","","Venezuela","","","","Los Roques Islands",11.9083,-66.9083,NA,"","Pillsbury R/V","6806",NA,"","23 to 27","",NA,"","P746","",NA,NA,NA,NA,NA,"",NA,NA,NA,"07 Mar 2025 21:23:00","http://n2t.net/ark:/65665/382222a1f-06d5-468a-b209-6270d29a6a14",1968,"Eunicea tourneforti"
"775","USNM 1219296","Specimen/Lot","Eunicea tourneforti Milne Edwards & Haime, 1857","Plexauridae","Cnidaria","Anthozoa","Gorgonacea","","","Eunicea tourneforti Milne Edwards & Haime, 1857 : Plexauridae : Gorgonacea : Anthozoa : Cnidaria","","","","","Animalia, Cnidaria, Anthozoa, Octocorallia, Gorgonacea, Holaxonia, Plexauridae, Plexaurinae","Octocorals","","1",NA,"Dry","895","","8 Jul 1969","","North Atlantic Ocean","Caribbean Sea","","St. Lucia","","","","Off Pointe Du Cap",14.0917,-61.0133,NA,"","Pillsbury R/V","6907",NA,"","18","",NA,"","P895","",NA,NA,NA,NA,NA,"",NA,NA,NA,"30 Sep 2013 16:07:00","http://n2t.net/ark:/65665/37a1f06f0-fa8d-4b38-b85b-f5aa735269da",1969,"Eunicea tourneforti"
"776","USNM 1219297","Specimen/Lot","Eunicea tourneforti Milne Edwards & Haime, 1857","Plexauridae","Cnidaria","Anthozoa","Gorgonacea","","","Eunicea tourneforti Milne Edwards & Haime, 1857 : Plexauridae : Gorgonacea : Anthozoa : Cnidaria","","","","","Animalia, Cnidaria, Anthozoa, Octocorallia, Gorgonacea, Holaxonia, Plexauridae, Plexaurinae","Octocorals","","1",NA,"Dry","968","","20 Jul 1969","","North Atlantic Ocean","Caribbean Sea","","Antigua and Barbuda","","","","off North coast of",17.3083,-61.8667,NA,"","Pillsbury R/V","6907",NA,"","18","",NA,"","P968","",NA,NA,NA,NA,NA,"",NA,NA,NA,"30 Sep 2013 16:07:00","http://n2t.net/ark:/65665/3443bfcb3-8ac4-4969-a484-38bbc05a8585",1969,"Eunicea tourneforti"
"777","USNM 1219298","Specimen/Lot","Eunicea tourneforti Milne Edwards & Haime, 1857","Plexauridae","Cnidaria","Anthozoa","Gorgonacea","","","Eunicea tourneforti Milne Edwards & Haime, 1857 : Plexauridae : Gorgonacea : Anthozoa : Cnidaria","","","","","Animalia, Cnidaria, Anthozoa, Octocorallia, Gorgonacea, Holaxonia, Plexauridae, Plexaurinae","Octocorals","","1",NA,"Dry","1151","","15 Jan 1970","","North Atlantic Ocean","Caribbean Sea","","Dominican Republic","","","","Monte Cristi, NE of",19.95,-71.3433,NA,"","Pillsbury R/V","7001",NA,"","37 to 695","",NA,"","P1151","",NA,NA,NA,NA,NA,"",NA,NA,NA,"30 Sep 2013 16:07:00","http://n2t.net/ark:/65665/37e00c5c8-a09b-4e53-8d45-cb1005b54f11",1970,"Eunicea tourneforti"
"778","USNM 1219299","Specimen/Lot","Eunicea tourneforti Milne Edwards & Haime, 1857","Plexauridae","Cnidaria","Anthozoa","Gorgonacea","","","Eunicea tourneforti Milne Edwards & Haime, 1857 : Plexauridae : Gorgonacea : Anthozoa : Cnidaria","","","","","Animalia, Cnidaria, Anthozoa, Octocorallia, Gorgonacea, Holaxonia, Plexauridae, Plexaurinae","Octocorals","","1",NA,"Dry","1249","","13 Jul 1970","","North Atlantic Ocean","Caribbean Sea","","Jamaica","","","","Pedro Bank",17.3867,-78.645,NA,"","Pillsbury R/V","7006",NA,"","26","",NA,"","P1249","",NA,NA,NA,NA,NA,"",NA,NA,NA,"30 Sep 2013 16:07:00","http://n2t.net/ark:/65665/318accc61-06e0-4048-abd9-6b84c4580ef2",1970,"Eunicea tourneforti"
"779","USNM 1219300","Specimen/Lot","Eunicea tourneforti Milne Edwards & Haime, 1857","Plexauridae","Cnidaria","Anthozoa","Gorgonacea","","","Eunicea tourneforti Milne Edwards & Haime, 1857 : Plexauridae : Gorgonacea : Anthozoa : Cnidaria","","","","","Animalia, Cnidaria, Anthozoa, Octocorallia, Gorgonacea, Holaxonia, Plexauridae, Plexaurinae","Octocorals","","1",NA,"Dry","1283","","19 Jul 1970","","North Atlantic Ocean","Caribbean Sea","","Dominican Republic","","","","Beata Island",17.5183,-71.54,NA,"","Pillsbury R/V","7006",NA,"","18 to 25","",NA,"","P1283","",NA,NA,NA,NA,NA,"",NA,NA,NA,"30 Sep 2013 16:07:00","http://n2t.net/ark:/65665/3c793f80b-3677-4a1b-be19-774c73fe57da",1970,"Eunicea tourneforti"
"780","USNM 1234977","Specimen/Lot","Eunicea tourneforti Milne Edwards & Haime, 1857","Plexauridae","Cnidaria","Anthozoa","Gorgonacea","","","Eunicea tourneforti Milne Edwards & Haime, 1857 : Plexauridae : Gorgonacea : Anthozoa : Cnidaria","","","","","Animalia, Cnidaria, Anthozoa, Octocorallia, Gorgonacea, Holaxonia, Plexauridae, Plexaurinae","Octocorals","","1",NA,"Dry","BDA-7","Manning, R. B.","17 Oct 1982","","North Atlantic Ocean","","","Bermuda","","","","St. George Id, Ferry Point, flats on other side of bridge leading to island",NA,NA,NA,"","","",NA,"","","",NA,"","","",NA,NA,NA,NA,NA,"",NA,NA,NA,"11 Mar 2014 15:54:00","http://n2t.net/ark:/65665/33ff0ee51-f8b2-40c2-ab6d-97535bd4f3f7",1982,"Eunicea tourneforti"
"781","USNM 1234978","Specimen/Lot","Eunicea tourneforti Milne Edwards & Haime, 1857","Plexauridae","Cnidaria","Anthozoa","Gorgonacea","","","Eunicea tourneforti Milne Edwards & Haime, 1857 : Plexauridae : Gorgonacea : Anthozoa : Cnidaria","","","","","Animalia, Cnidaria, Anthozoa, Octocorallia, Gorgonacea, Holaxonia, Plexauridae, Plexaurinae","Octocorals","","1",NA,"Dry","BDA-8","Manning, R. B.","19 Oct 1982","","North Atlantic Ocean","","","Bermuda","","","","Walmingham Cave",NA,NA,NA,"","","",NA,"","","",NA,"","","",NA,NA,NA,NA,NA,"",NA,NA,NA,"11 Mar 2014 15:54:00","http://n2t.net/ark:/65665/3d004a571-971f-4c84-8545-824ed7e34851",1982,"Eunicea tourneforti"
"782","USNM 1237810","Specimen/Lot","Eunicea tourneforti Milne Edwards & Haime, 1857","Plexauridae","Cnidaria","Anthozoa","Gorgonacea","Bayer, Frederick M., Smithsonian Institution, National Museum of Natural History","27 Jan 1967","Eunicea tourneforti Milne Edwards & Haime, 1857 : Plexauridae : Gorgonacea : Anthozoa : Cnidaria","","","","","Animalia, Cnidaria, Anthozoa, Octocorallia, Gorgonacea, Holaxonia, Plexauridae, Plexaurinae","Octocorals","","1",NA,"Dry","","","","","North Atlantic Ocean","Caribbean Sea","","St. Vincent and the Grenadines","","","","",NA,NA,NA,"","","",NA,"","","",NA,"","","collection number : 07",NA,NA,NA,NA,NA,"",NA,NA,NA,"08 Apr 2014 19:57:00","http://n2t.net/ark:/65665/3670d6bb3-29b7-4432-82e7-9ffd6b7a2e69",NA,"Eunicea tourneforti"
"783","USNM 1241884","Specimen/Lot","Eunicea tourneforti Milne Edwards & Haime, 1857","Plexauridae","Cnidaria","Anthozoa","Gorgonacea","","","Eunicea tourneforti Milne Edwards & Haime, 1857 : Plexauridae : Gorgonacea : Anthozoa : Cnidaria","","","","","Animalia, Cnidaria, Anthozoa, Octocorallia, Gorgonacea, Holaxonia, Plexauridae, Plexaurinae","Octocorals","","1",NA,"Dry","","Voh Prahl, H.","16 Jul 1984 (Julio 16 de 1984)","","North Atlantic Ocean","Caribbean Sea","","Colombia","","","","Isla De San Andres, Laguna arrecife, (""Big Reef""),",NA,NA,NA,"","","",NA,"","","",NA,"","","collector number : no 09",366451,NA,NA,NA,NA,"",NA,NA,NA,"14 May 2014 15:56:00","http://n2t.net/ark:/65665/3d5d0a48a-e14f-46fd-92d3-d3aca51df03f",1984,"Eunicea tourneforti"
"784","USNM 1241908","Specimen/Lot","Eunicea tourneforti Milne Edwards & Haime, 1857","Plexauridae","Cnidaria","Anthozoa","Gorgonacea","Bayer, Frederick M., Smithsonian Institution, National Museum of Natural History","11 Aug 1960","Eunicea tourneforti Milne Edwards & Haime, 1857 : Plexauridae : Gorgonacea : Anthozoa : Cnidaria","","","","","Animalia, Cnidaria, Anthozoa, Octocorallia, Gorgonacea, Holaxonia, Plexauridae, Plexaurinae","Octocorals","","3",NA,"Dry; Dry; Dry","","","","","North Atlantic Ocean","Caribbean Sea","","Jamaica","","","","Port Royal, reefs south of",NA,NA,NA,"","","",NA,"","","",NA,"accession 231669","","",231669,NA,NA,NA,NA,"",NA,NA,NA,"30 Jun 2014 15:05:00","http://n2t.net/ark:/65665/37f1c3b28-a2b9-4e29-9fe4-9ae036b4b10f",NA,"Eunicea tourneforti"
"785","USNM 1250010","Specimen/Lot","Eunicea tourneforti Milne Edwards & Haime, 1857","Plexauridae","Cnidaria","Anthozoa","Gorgonacea","","","Eunicea tourneforti Milne Edwards & Haime, 1857 : Plexauridae : Gorgonacea : Anthozoa : Cnidaria","","","","","Animalia, Cnidaria, Anthozoa, Octocorallia, Gorgonacea, Holaxonia, Plexauridae, Plexaurinae","Octocorals","","1",NA,"Dry","","Ciresko, L.","20 Dec 1961 (12-20-61)","","North Atlantic Ocean","Gulf of Mexico","","United States","Florida","","","Soldier Key",NA,NA,NA,"","","",NA,"","","",NA,"","","collector number : #4LC",NA,NA,NA,NA,NA,"",NA,NA,NA,"01 Aug 2014 19:23:00","http://n2t.net/ark:/65665/3b5abda37-bf7e-4186-86d2-07802aeac1f4",1961,"Eunicea tourneforti"
"786","USNM 1250011","Specimen/Lot","Eunicea tourneforti Milne Edwards & Haime, 1857","Plexauridae","Cnidaria","Anthozoa","Gorgonacea","","","Eunicea tourneforti Milne Edwards & Haime, 1857 : Plexauridae : Gorgonacea : Anthozoa : Cnidaria","","","","","Animalia, Cnidaria, Anthozoa, Octocorallia, Gorgonacea, Holaxonia, Plexauridae, Plexaurinae","Octocorals","","1",NA,"Dry","","Ciresko, L.","20 Dec 1961 (12-20-61)","","North Atlantic Ocean","Gulf of Mexico","","United States","Florida","","","Soldier Key",NA,NA,NA,"","","",NA,"","","",NA,"","","collector number : #2LC",NA,NA,NA,NA,NA,"",NA,NA,NA,"01 Aug 2014 19:23:00","http://n2t.net/ark:/65665/3384ae2c6-a01d-423a-9896-2a1eb0a45a8c",1961,"Eunicea tourneforti"
"787","USNM 1250012","Specimen/Lot","Eunicea tourneforti Milne Edwards & Haime, 1857","Plexauridae","Cnidaria","Anthozoa","Gorgonacea","","","Eunicea tourneforti Milne Edwards & Haime, 1857 : Plexauridae : Gorgonacea : Anthozoa : Cnidaria","","","","","Animalia, Cnidaria, Anthozoa, Octocorallia, Gorgonacea, Holaxonia, Plexauridae, Plexaurinae","Octocorals","","1",NA,"Dry","","Ciresko, L.","27 Dec 1961 (12-247-61)","","North Atlantic Ocean","","","United States","Florida","","","Florida Keys, Elliot Key, Bache Shoal",NA,NA,NA,"","","",NA,"","","",NA,"","","collector number : #7LC",NA,NA,NA,NA,NA,"",NA,NA,NA,"01 Aug 2014 19:23:00","http://n2t.net/ark:/65665/31861cd3b-4930-4f35-84c2-0edd0f8f0a82",1961,"Eunicea tourneforti"
"788","USNM 1606826","Specimen/Lot","Eunicea tourneforti Milne Edwards & Haime, 1857","Plexauridae","Cnidaria","Anthozoa","Gorgonacea","McFadden, Catherine S., Harvey Mudd College (UNITED STATES)","","Eunicea tourneforti Milne Edwards & Haime, 1857 : Plexauridae : Gorgonacea : Anthozoa : Cnidaria","","","","","Animalia, Cnidaria, Anthozoa, Octocorallia, Gorgonacea, Holaxonia, Plexauridae, Plexaurinae","Octocorals","","1",NA,"Dry","","Coffroth, M. A.; McFadden, C. S.","30 May 2019","","North Atlantic Ocean","","","United States","Florida","","","Stag Party East, east of Tennessee Reef, outer Hawk's Channel patch reefs, Middle Keys, Florida Keys",24.7783,-80.7359,NA,"","","",NA,"","5","",NA,"","","specimen number : FLK052",2093698,NA,NA,NA,NA,"PP410699; PP410894; PP500940; PRJ1043120; SAMN38332832",NA,NA,NA,"05 Mar 2025 21:25:00","http://n2t.net/ark:/65665/3de0ae575-884e-4dbb-a952-b04833a20a81",2019,"Eunicea tourneforti"
"789","USNM 1740336","Specimen/Lot","Eunicea tourneforti Milne Edwards & Haime, 1857","Plexauridae","Cnidaria","Anthozoa","Gorgonacea","McFadden, Catherine S., Harvey Mudd College (UNITED STATES)","2024","Eunicea tourneforti Milne Edwards & Haime, 1857 : Plexauridae : Gorgonacea : Anthozoa : Cnidaria","","","","","Animalia, Cnidaria, Anthozoa, Octocorallia, Gorgonacea, Holaxonia, Plexauridae, Plexaurinae","Octocorals","","1",NA,"Dry","","Coffroth, M. A.; McFadden, C. S.","30 May 2019","","North Atlantic Ocean","","","United States","Florida","","","Stag Party East, east of Tennessee Reef, outer Hawk's Channel patch reefs, Middle Keys, Florida Keys",24.7783,-80.7359,NA,"","","",NA,"","5","",NA,"Collection of material funded by NSF OCE-1756381 to H. Lasker and P. Edmunds.","","field number : FLK003",2095496,NA,NA,NA,NA,"",NA,NA,NA,"03 Dec 2024 21:10:00","http://n2t.net/ark:/65665/3d28adc12-c1bb-4056-92cd-a205a9841da0",2019,"Eunicea tourneforti"
"790","USNM 1740363","Specimen/Lot","Eunicea tourneforti Milne Edwards & Haime, 1857","Plexauridae","Cnidaria","Anthozoa","Gorgonacea","McFadden, Catherine S., Harvey Mudd College (UNITED STATES)","2024","Eunicea tourneforti Milne Edwards & Haime, 1857 : Plexauridae : Gorgonacea : Anthozoa : Cnidaria","","","","","Animalia, Cnidaria, Anthozoa, Octocorallia, Gorgonacea, Holaxonia, Plexauridae, Plexaurinae","Octocorals","","1",NA,"Dry","","Coffroth, M. A.; McFadden, C. S.","1 Jun 2019","","North Atlantic Ocean","","","United States","Florida","","","Eleven-Foot Mound, west of Tennessee Reef, outer Hawk's Channel patch reefs, Middle Keys, Florida Keys",24.7229,-80.8617,NA,"","","",NA,"","5","",NA,"Collection of material funded by NSF OCE-1756381 to H. Lasker and P. Edmunds.","","field number : FLK039",2095496,NA,NA,NA,NA,"",NA,NA,NA,"03 Dec 2024 21:10:00","http://n2t.net/ark:/65665/33ceef0bf-22d1-4ab8-a5c4-43e1ae611c27",2019,"Eunicea tourneforti"
"791","USNM 1740390","Specimen/Lot","Eunicea tourneforti Milne Edwards & Haime, 1857","Plexauridae","Cnidaria","Anthozoa","Gorgonacea","McFadden, Catherine S., Harvey Mudd College (UNITED STATES)","2024","Eunicea tourneforti Milne Edwards & Haime, 1857 : Plexauridae : Gorgonacea : Anthozoa : Cnidaria","","","","","Animalia, Cnidaria, Anthozoa, Octocorallia, Gorgonacea, Holaxonia, Plexauridae, Plexaurinae","Octocorals","","1",NA,"Dry","","Coffroth, M. A.; McFadden, C. S.","30 May 2019","","North Atlantic Ocean","","","United States","Florida","","","Stag Party East, east of Tennessee Reef, outer Hawk's Channel patch reefs, Middle Keys, Florida Keys",24.7783,-80.7359,NA,"","","",NA,"","5","",NA,"Collection of material funded by NSF OCE-1756381 to H. Lasker and P. Edmunds.","","field number : FLK072",2095496,NA,NA,NA,NA,"",NA,NA,NA,"03 Dec 2024 21:10:00","http://n2t.net/ark:/65665/3c924c08a-7b67-42e7-98fe-61571a48eff3",2019,"Eunicea tourneforti"
"792","USNM 1740407","Specimen/Lot","Eunicea tourneforti Milne Edwards & Haime, 1857","Plexauridae","Cnidaria","Anthozoa","Gorgonacea","McFadden, Catherine S., Harvey Mudd College (UNITED STATES)","2024","Eunicea tourneforti Milne Edwards & Haime, 1857 : Plexauridae : Gorgonacea : Anthozoa : Cnidaria","","","","","Animalia, Cnidaria, Anthozoa, Octocorallia, Gorgonacea, Holaxonia, Plexauridae, Plexaurinae","Octocorals","","1",NA,"Dry","","Coffroth, M. A.; McFadden, C. S.","1 Jun 2019","","North Atlantic Ocean","","","United States","Florida","","","Eleven-Foot Mound, west of Tennessee Reef, outer Hawk's Channel patch reefs, Middle Keys, Florida Keys",24.7229,-80.8617,NA,"","","",NA,"","5","",NA,"Collection of material funded by NSF OCE-1756381 to H. Lasker and P. Edmunds.","","field number : FLK094",2095496,NA,NA,NA,NA,"",NA,NA,NA,"03 Dec 2024 21:10:00","http://n2t.net/ark:/65665/3681382b3-e484-4f04-bd99-1534106a2ce1",2019,"Eunicea tourneforti"
"793","USNM 100610","Specimen/Lot","Eunicea tourneforti atra Verrill, 1901","Plexauridae","Cnidaria","Anthozoa","Gorgonacea","Bayer, Frederick M., Smithsonian Institution, National Museum of Natural History","Apr 2000","Eunicea tourneforti atra Verrill, 1901 : Plexauridae : Gorgonacea : Anthozoa : Cnidaria","","","","","Animalia, Cnidaria, Anthozoa, Octocorallia, Gorgonacea, Holaxonia, Plexauridae, Plexaurinae","Octocorals","","1",NA,"Dry","","Miller, M. W.","19 Mar 2000","","North Atlantic Ocean","Caribbean Sea","","","","","","Navassa Island, North Shore",NA,NA,NA,"","","",NA,"","","",NA,"","","",2016440,NA,NA,NA,NA,"",NA,NA,NA,"14 Jan 2013 18:22:00","http://n2t.net/ark:/65665/37cfebe8d-7e0e-4711-97cd-0d7973a18462",2000,"Eunicea tourneforti"
"794","USNM 50080","Specimen/Lot","Eunicea tourneforti atra Verrill, 1901","Plexauridae","Cnidaria","Anthozoa","Gorgonacea","Deichmann, Elizabeth","","Eunicea tourneforti atra Verrill, 1901 : Plexauridae : Gorgonacea : Anthozoa : Cnidaria","","","","","Animalia, Cnidaria, Anthozoa, Octocorallia, Gorgonacea, Holaxonia, Plexauridae, Plexaurinae","Octocorals","","1",NA,"Dry","","Deichmann","15 Jul 1951","","North Atlantic Ocean","","","Bermuda","","","","Whalebone Bay",NA,NA,NA,"","","",NA,"","1","",NA,"","","",202894,NA,NA,NA,NA,"",NA,NA,NA,"14 Jan 2013 18:22:00","http://n2t.net/ark:/65665/39c8d7519-9d2e-437b-9f64-bcaa7833ef28",1951,"Eunicea tourneforti"
"795","USNM 50341","Specimen/Lot","Eunicea tourneforti atra Verrill, 1901","Plexauridae","Cnidaria","Anthozoa","Gorgonacea","Bayer, Frederick M., Smithsonian Institution, National Museum of Natural History","","Eunicea tourneforti atra Verrill, 1901 : Plexauridae : Gorgonacea : Anthozoa : Cnidaria","","","","","Animalia, Cnidaria, Anthozoa, Octocorallia, Gorgonacea, Holaxonia, Plexauridae, Plexaurinae","Octocorals","","1",NA,"Dry","","Deichmann, E.","27 Jul 1951","","North Atlantic Ocean","","","Bermuda","","","","Somerset Island, 3 Mile South Of",NA,NA,NA,"","","",NA,"","","",NA,"","","",202894,NA,NA,NA,NA,"",NA,NA,NA,"14 Jan 2013 18:22:00","http://n2t.net/ark:/65665/3a4a73bfe-bc9f-4701-bb0c-3d8e86fbc120",1951,"Eunicea tourneforti"
"796","USNM 51390","Specimen/Lot","Eunicea tourneforti atra Verrill, 1901","Plexauridae","Cnidaria","Anthozoa","Gorgonacea","Bayer, Frederick M., Smithsonian Institution, National Museum of Natural History","","Eunicea tourneforti atra Verrill, 1901 : Plexauridae : Gorgonacea : Anthozoa : Cnidaria","","","","","Animalia, Cnidaria, Anthozoa, Octocorallia, Gorgonacea, Holaxonia, Plexauridae, Plexaurinae","Octocorals","","1",NA,"Dry","","Bengry, R. P.","2 Aug 1959","","North Atlantic Ocean","Caribbean Sea","","Jamaica","","","","Portland Bight, Pigeon Island",NA,NA,NA,"","","",NA,"","","",NA,"","","",227105,NA,NA,NA,NA,"",NA,NA,NA,"14 Jan 2013 18:22:00","http://n2t.net/ark:/65665/321764cbc-aba3-4371-9940-32f892faff83",1959,"Eunicea tourneforti"
"797","USNM 51719","Specimen/Lot","Eunicea tourneforti atra Verrill, 1901","Plexauridae","Cnidaria","Anthozoa","Gorgonacea","Bayer, Frederick M., Smithsonian Institution, National Museum of Natural History","","Eunicea tourneforti atra Verrill, 1901 : Plexauridae : Gorgonacea : Anthozoa : Cnidaria","","","","","Animalia, Cnidaria, Anthozoa, Octocorallia, Gorgonacea, Holaxonia, Plexauridae, Plexaurinae","Octocorals","","1",NA,"Dry","13","Tucker, T.","23 Aug 1960","","North Atlantic Ocean","","","Bermuda","","","","Somerset Island",NA,NA,NA,"","","",NA,"","5 to 6","",NA,"","","",232609,NA,NA,NA,NA,"",NA,NA,NA,"14 Jan 2013 18:22:00","http://n2t.net/ark:/65665/3ede012c2-7771-43b7-8f29-ea8c5ffa9eb2",1960,"Eunicea tourneforti"
"798","USNM 51720","Specimen/Lot","Eunicea tourneforti atra Verrill, 1901","Plexauridae","Cnidaria","Anthozoa","Gorgonacea","Bayer, Frederick M., Smithsonian Institution, National Museum of Natural History","","Eunicea tourneforti atra Verrill, 1901 : Plexauridae : Gorgonacea : Anthozoa : Cnidaria","","","","","Animalia, Cnidaria, Anthozoa, Octocorallia, Gorgonacea, Holaxonia, Plexauridae, Plexaurinae","Octocorals","","1",NA,"Dry","20","Tucker, T.","1 Sep 1960","","North Atlantic Ocean","","","Bermuda","","","","Somerset Island, SW Of",NA,NA,NA,"","","",NA,"","5.5 to 6.1","",NA,"","","",232609,NA,NA,NA,NA,"",NA,NA,NA,"16 Jun 2016 13:13:00","http://n2t.net/ark:/65665/314fbff44-2885-442b-b436-02a4df5f9493",1960,"Eunicea tourneforti"
"799","USNM 51721","Specimen/Lot","Eunicea tourneforti atra Verrill, 1901","Plexauridae","Cnidaria","Anthozoa","Gorgonacea","Bayer, Frederick M., Smithsonian Institution, National Museum of Natural History","","Eunicea tourneforti atra Verrill, 1901 : Plexauridae : Gorgonacea : Anthozoa : Cnidaria","","","","","Animalia, Cnidaria, Anthozoa, Octocorallia, Gorgonacea, Holaxonia, Plexauridae, Plexaurinae","Octocorals","","1",NA,"Dry","22","Tucker, T.","3 Sep 1960","","North Atlantic Ocean","","","Bermuda","","","","Bermuda Island, Southampton, South Shore",NA,NA,NA,"","","",NA,"","24 to 27","",NA,"","","",232609,NA,NA,NA,NA,"",NA,NA,NA,"14 Jan 2013 18:22:00","http://n2t.net/ark:/65665/33c873fee-301a-4831-ad71-1e5a7bea07bc",1960,"Eunicea tourneforti"
"800","USNM 51722","Specimen/Lot","Eunicea tourneforti atra Verrill, 1901","Plexauridae","Cnidaria","Anthozoa","Gorgonacea","Bayer, Frederick M., Smithsonian Institution, National Museum of Natural History","","Eunicea tourneforti atra Verrill, 1901 : Plexauridae : Gorgonacea : Anthozoa : Cnidaria","","","","","Animalia, Cnidaria, Anthozoa, Octocorallia, Gorgonacea, Holaxonia, Plexauridae, Plexaurinae","Octocorals","","1",NA,"Dry","22","Tucker, T.","3 Sep 1960","","North Atlantic Ocean","","","Bermuda","","","","Bermuda Island, Southampton, South Shore",NA,NA,NA,"","","",NA,"","24 to 27","",NA,"","","",232609,NA,NA,NA,NA,"",NA,NA,NA,"14 Jan 2013 18:22:00","http://n2t.net/ark:/65665/36566154c-0397-4408-9aec-ab70c9b304c4",1960,"Eunicea tourneforti"
"801","USNM 51723","Specimen/Lot","Eunicea tourneforti atra Verrill, 1901","Plexauridae","Cnidaria","Anthozoa","Gorgonacea","Bayer, Frederick M., Smithsonian Institution, National Museum of Natural History","","Eunicea tourneforti atra Verrill, 1901 : Plexauridae : Gorgonacea : Anthozoa : Cnidaria","","","","","Animalia, Cnidaria, Anthozoa, Octocorallia, Gorgonacea, Holaxonia, Plexauridae, Plexaurinae","Octocorals","","1",NA,"Dry","","Schroeder, R. E.","Aug 1960","","North Atlantic Ocean","Caribbean Sea","","Virgin Islands of the United States","","","","St. Croix Island, Buck Island",NA,NA,NA,"","","",NA,"","","",NA,"","","",232671,NA,NA,NA,NA,"",NA,NA,NA,"14 Jan 2013 18:22:00","http://n2t.net/ark:/65665/3bedfa493-938b-40b2-8282-fdebbb40f556",1960,"Eunicea tourneforti"
"802","USNM 87084","Specimen/Lot","Eunicea tourneforti atra Verrill, 1901","Plexauridae","Cnidaria","Anthozoa","Gorgonacea","","","Eunicea tourneforti atra Verrill, 1901 : Plexauridae : Gorgonacea : Anthozoa : Cnidaria","","","","","Animalia, Cnidaria, Anthozoa, Octocorallia, Gorgonacea, Holaxonia, Plexauridae, Plexaurinae","Octocorals","BOEM Collections; Southwest Florida Shelf Ecosystem Study; SOFLA","1 ca.",NA,"Dry","55","Lgl Ecological Research Associates Inc. And Environmental Science Engineering Inc BLM/ MMS","14 Sep 1985","","North Atlantic Ocean","Gulf of Mexico","","United States","Florida","","","Florida Keys, East Of",24.6028,-82.6994,NA,"SOFLA","Suncoaster R/V","VIII",NA,"","27","",NA,"","5/VIII-55-TDS","",345592,NA,NA,NA,NA,"",NA,NA,NA,"17 Sep 2018 16:26:00","http://n2t.net/ark:/65665/3a9ddf2ce-a865-41b1-a8b9-bb9974852584",1985,"Eunicea tourneforti"
"803","USNM 97691","Specimen/Lot","Eunicea tourneforti atra Verrill, 1901","Plexauridae","Cnidaria","Anthozoa","Gorgonacea","Sanchez, Juan A., Universidad de Los Andes (COLOMBIA)","","Eunicea tourneforti atra Verrill, 1901 : Plexauridae : Gorgonacea : Anthozoa : Cnidaria","Eunicea tourneforti Milne Edwards & Haime, 1857","","","","Animalia, Cnidaria, Anthozoa, Octocorallia, Gorgonacea, Holaxonia, Plexauridae, Plexaurinae","Octocorals","","1 ca.",NA,"Dry","","Sanchez, J. A.","17 Oct 1992","Scuba","North Atlantic Ocean","Caribbean Sea","","Colombia","","","","Rosario Islands, Tesoro Island",NA,NA,NA,"","","",NA,"Outer fore reef/fore reef slope","20","",NA,"","","",406063,NA,NA,NA,NA,"",NA,NA,NA,"20 Oct 2014 14:02:00","http://n2t.net/ark:/65665/33286c067-cf8d-46cf-b646-a9f25dc78410",1992,"Eunicea tourneforti"
"804","USNM 1606824","Specimen/Lot","Eunicea tourneforti atra Verrill, 1901","Plexauridae","Cnidaria","Anthozoa","Gorgonacea","McFadden, Catherine S., Harvey Mudd College (UNITED STATES)","","Eunicea tourneforti atra Verrill, 1901 : Plexauridae : Gorgonacea : Anthozoa : Cnidaria","","","","","Animalia, Cnidaria, Anthozoa, Octocorallia, Gorgonacea, Holaxonia, Plexauridae, Plexaurinae","Octocorals","","1",NA,"Dry","","Coffroth, M. A.; McFadden, C. S.","1 Jun 2019","","North Atlantic Ocean","","","United States","Florida","","","Eleven-Foot Mound, west of Tennessee Reef, outer Hawk's Channel patch reefs, Middle Keys, Florida Keys",24.7229,-80.8617,NA,"","","",NA,"","5","",NA,"","","specimen number : FLK037",2093698,NA,NA,NA,NA,"PP410698; PP410893; PP500938; PRJ1043120; SAMN38332830",NA,NA,NA,"05 Mar 2025 21:25:00","http://n2t.net/ark:/65665/324ea6aaa-00aa-4d91-bc26-5ba1b49104fb",2019,"Eunicea tourneforti"
"805","USNM 50275","Specimen/Lot","Eunicea tourneforti tourneforti Milne Edwards & Haime, 1857","Plexauridae","Cnidaria","Anthozoa","Gorgonacea","Bayer, Frederick M., Smithsonian Institution, National Museum of Natural History","","Eunicea tourneforti tourneforti Milne Edwards & Haime, 1857 : Plexauridae : Gorgonacea : Anthozoa : Cnidaria","Eunicea tourneforti Milne Edwards & Haime, 1857","","","","Animalia, Cnidaria, Anthozoa, Octocorallia, Gorgonacea, Holaxonia, Plexauridae, Plexaurinae","Octocorals","","7",NA,"Dry; SEM Stub:Bayer 2670; SEM Stub:Bayer 2671; SEM Stub:Bayer 2672","","","1925","","North Atlantic Ocean","Gulf of Mexico","","United States","Florida","","","Florida Keys, Dry Tortugas",24.67,-81.58,NA,"","","",NA,"","","",NA,"","","",0,NA,NA,NA,NA,"",NA,NA,NA,"22 Aug 2024 21:34:00","http://n2t.net/ark:/65665/37a83bbbb-722f-471e-bc68-ed4c3b26754f",1925,"Eunicea tourneforti"
"806","USNM 83597","Specimen/Lot","Eunicea tourneforti tourneforti Milne Edwards & Haime, 1857","Plexauridae","Cnidaria","Anthozoa","Gorgonacea","Bayer, Frederick M., Smithsonian Institution, National Museum of Natural History","","Eunicea tourneforti tourneforti Milne Edwards & Haime, 1857 : Plexauridae : Gorgonacea : Anthozoa : Cnidaria","Eunicea tourneforti Milne Edwards & Haime, 1857","","","","Animalia, Cnidaria, Anthozoa, Octocorallia, Gorgonacea, Holaxonia, Plexauridae, Plexaurinae","Octocorals","","3",NA,"Dry","CI-229","Fenical, W. H.","Jul 1986","","North Atlantic Ocean","Caribbean Sea","","St. Vincent and the Grenadines","","","","Tobago Cays",NA,NA,NA,"","","",NA,"","15","",NA,"","","",381688,NA,NA,NA,NA,"",NA,NA,NA,"20 Oct 2014 12:40:00","http://n2t.net/ark:/65665/34a011de3-1b9d-4aab-b4f2-e69bd02febdc",1986,"Eunicea tourneforti"
"807","USNM 97690","Specimen/Lot","Eunicea tourneforti tourneforti Milne Edwards & Haime, 1857","Plexauridae","Cnidaria","Anthozoa","Gorgonacea","Bayer, Frederick M., Smithsonian Institution, National Museum of Natural History","","Eunicea tourneforti tourneforti Milne Edwards & Haime, 1857 : Plexauridae : Gorgonacea : Anthozoa : Cnidaria","Eunicea tourneforti Milne Edwards & Haime, 1857","","","","Animalia, Cnidaria, Anthozoa, Octocorallia, Gorgonacea, Holaxonia, Plexauridae, Plexaurinae","Octocorals","","1",NA,"Dry","","Sanchez, J. A.; Ramirez, A.","20 Jul 1992","Scuba","North Atlantic Ocean","Caribbean Sea","","Colombia","","","","Rosario Islands, Tesoro Island",NA,NA,NA,"","","",NA,"Inner fore reef","7","",NA,"","","",406063,NA,NA,NA,NA,"",NA,NA,NA,"20 Oct 2014 14:02:00","http://n2t.net/ark:/65665/3f77bd91b-5f01-4662-8852-96c4ea41c90d",1992,"Eunicea tourneforti"
