Catalog Number,Kind of Object,Scientific Name,Family,Phylum,Class,Order,Identified By,Date Identified,Current Identification,Other Identifications,Type Status,Type Citations,Kind of Voucher,Classification,Common Name,Collection Name,Specimen Count,Sex and Stage,Preparation Details (Preparation:Remarks),Station Number,Collector(s),Date Collected,Collection Method,Ocean,Sea/Gulf,Bay/Sound,Country,Province/State,District/County,City/Town,Precise Locality,Centroid Latitude,Centroid Longitude,Elevation (m),Expedition Name,Vessel,Cruise,River Basin,Microhabitat Description,Depth (m),Depth Notes,Geologic Age,Notes,Field Number(s),Other Numbers (Type : Value),Accession Number,Genetic Sample Type,Biorepository Number,Specimen Voucher Number,Bold ID,GenBank Numbers,Preservation Method,Embargo?,Depleted?,Record Last Modified,EZID
"USNM 53571","Specimen/Lot","Gorgonia ventalina ? Linnaeus, 1758","Gorgoniidae","Cnidaria","Anthozoa","Gorgonacea","Larson, R. J.","1972","Gorgonia ventalina Linnaeus, 1758 : Gorgoniidae : Gorgonacea : Anthozoa : Cnidaria","","","","","Animalia, Cnidaria, Anthozoa, Octocorallia, Gorgonacea, Holaxonia, Gorgoniidae","Octocorals","",1,"","Dry","","Larson, R. J.","27 Apr 1972","","North Atlantic Ocean","Caribbean Sea","","Belize","","","","Carrie Bow Cay, 100 Yard North Of North End","","","","CCRE - Caribbean Coral Reef Ecosystems, Belize","","","","","1 to 1.5","","","","","","300990","","","","","","","","","05 Jun 2023 16:23:00","http://n2t.net/ark:/65665/3fe3fb87a-b4d5-4c45-b5eb-808f34e4741b"
"USNM 53563","Specimen/Lot","Gorgonia ventalina ? Linnaeus, 1758","Gorgoniidae","Cnidaria","Anthozoa","Gorgonacea","Larson, R. J.","1972","Gorgonia ventalina Linnaeus, 1758 : Gorgoniidae : Gorgonacea : Anthozoa : Cnidaria","","","","","Animalia, Cnidaria, Anthozoa, Octocorallia, Gorgonacea, Holaxonia, Gorgoniidae","Octocorals","",1,"","Dry","","Larson, R. J.","30 Apr 1972","","North Atlantic Ocean","Caribbean Sea","","Belize","","","","Carrie Bow Cay, 50 Yards off S. end, coral heads, sand.","","","","CCRE - Caribbean Coral Reef Ecosystems, Belize","","","","","3 to 4","","","","","","300990","","","","","","","","","05 Jun 2023 16:23:00","http://n2t.net/ark:/65665/372c58ee0-d810-4968-91a1-376130cc5ba5"
"USNM 4082","Specimen/Lot","Gorgonia ventalina Linnaeus, 1758","Gorgoniidae","Cnidaria","Anthozoa","Gorgonacea","Rathbun, R.","","Gorgonia ventalina Linnaeus, 1758 : Gorgoniidae : Gorgonacea : Anthozoa : Cnidaria","","","","","Animalia, Cnidaria, Anthozoa, Octocorallia, Gorgonacea, Holaxonia, Gorgoniidae","Octocorals","",0,"","Dry","","Langston, J. M.","","","North Atlantic Ocean","Caribbean Sea","","Haiti","","","","","","","","","","","","","","","","","","","000000","","","","","","","","","25 Feb 2025 18:13:00","http://n2t.net/ark:/65665/384ea078a-d9ec-41f2-8b01-569c1efcde43"
"USNM 42144","Specimen/Lot","Gorgonia ventalina Linnaeus, 1758","Gorgoniidae","Cnidaria","Anthozoa","Gorgonacea","","","Gorgonia ventalina Linnaeus, 1758 : Gorgoniidae : Gorgonacea : Anthozoa : Cnidaria","","","","","Animalia, Cnidaria, Anthozoa, Octocorallia, Gorgonacea, Holaxonia, Gorgoniidae","Octocorals","",1,"","Dry","NOT REC.","United States Fish Commission","1898","","North Atlantic Ocean","Caribbean Sea","","Puerto Rico","","","","Playa De Ponce Reef","","","","Puerto Rico Expedition 1898-1899","Fish Hawk R/V","","","","","","","","","","000000","","","","","","","","","05 Jun 2023 16:23:00","http://n2t.net/ark:/65665/31a8b8358-ad72-4f41-b680-2b54fc6a0996"
"USNM 50221","Specimen/Lot","Gorgonia ventalina Linnaeus, 1758","Gorgoniidae","Cnidaria","Anthozoa","Gorgonacea","Bayer, Frederick M., Smithsonian Institution, National Museum of Natural History","","Gorgonia ventalina Linnaeus, 1758 : Gorgoniidae : Gorgonacea : Anthozoa : Cnidaria","","","","","Animalia, Cnidaria, Anthozoa, Octocorallia, Gorgonacea, Holaxonia, Gorgoniidae","Octocorals","",1,"","Dry","1116B","Hummelinck, P. W.","15 Jul 1949","","North Atlantic Ocean","Caribbean Sea","","Netherlands Antilles","","","","St. Eustatius Island, Gallows Bay, Southern Part Of Bay","","","","","","","","","2","","","","","","189993","","","","","","","","","05 Jun 2023 16:23:00","http://n2t.net/ark:/65665/32b592c84-0c70-4fef-a479-83f58ffbeb82"
"USNM 50222","Specimen/Lot","Gorgonia ventalina Linnaeus, 1758","Gorgoniidae","Cnidaria","Anthozoa","Gorgonacea","Bayer, Frederick M., Smithsonian Institution, National Museum of Natural History","","Gorgonia ventalina Linnaeus, 1758 : Gorgoniidae : Gorgonacea : Anthozoa : Cnidaria","","","","","Animalia, Cnidaria, Anthozoa, Octocorallia, Gorgonacea, Holaxonia, Gorgoniidae","Octocorals","",2,"","Alcohol (Ethanol); Dry","1124","Hummelinck, P. W.","2 Jun 1949","","North Atlantic Ocean","Caribbean Sea","","St. Barthelemy","","","","Fourche Island","","","","","","","","","","Intertidal","","","","","189993","","","","","","","","","05 Jun 2023 16:23:00","http://n2t.net/ark:/65665/3e29ef0b2-04d4-4b39-acc8-365a9c7f0d8d"
"USNM 50261","Specimen/Lot","Gorgonia ventalina Linnaeus, 1758","Gorgoniidae","Cnidaria","Anthozoa","Gorgonacea","Bayer, Frederick M., Smithsonian Institution, National Museum of Natural History","","Gorgonia ventalina Linnaeus, 1758 : Gorgoniidae : Gorgonacea : Anthozoa : Cnidaria","","","","","Animalia, Cnidaria, Anthozoa, Octocorallia, Gorgonacea, Holaxonia, Gorgoniidae","Octocorals","",1,"","Alcohol (Ethanol); Dry","","Doochin, H.","27 Apr 1948","","North Atlantic Ocean","Gulf of Mexico","","United States","Florida","","","Florida Keys, Dry Tortugas, Bush Key","","","","","","","","","11 to 13","","","","","","178792","","","","","","","","","05 Jun 2023 16:23:00","http://n2t.net/ark:/65665/37cd43b70-dba3-47cb-95ed-f4c9a16f79fd"
"USNM 50346","Specimen/Lot","Gorgonia ventalina Linnaeus, 1758","Gorgoniidae","Cnidaria","Anthozoa","Gorgonacea","Bayer, Frederick M., Smithsonian Institution, National Museum of Natural History","May 1956","Gorgonia ventalina Linnaeus, 1758 : Gorgoniidae : Gorgonacea : Anthozoa : Cnidaria","","","","","Animalia, Cnidaria, Anthozoa, Octocorallia, Gorgonacea, Holaxonia, Gorgoniidae","Octocorals","",3,"","Dry","106-56","","13 Apr 1956","Dredge","North Atlantic Ocean","Caribbean Sea","","Netherlands Antilles","","","","Saba Bank",17.47,-63.22,"","Smithsonian - Bredin Caribbean Expedition","Freelance R/V","","","","13","","","","","","208263","","","","","","","","","05 Jun 2023 16:23:00","http://n2t.net/ark:/65665/389fc0f20-961a-4d27-a16b-fc19a8d0e54d"
"USNM 50347","Specimen/Lot","Gorgonia ventalina Linnaeus, 1758","Gorgoniidae","Cnidaria","Anthozoa","Gorgonacea","Bayer, Frederick M., Smithsonian Institution, National Museum of Natural History","May 1956","Gorgonia ventalina Linnaeus, 1758 : Gorgoniidae : Gorgonacea : Anthozoa : Cnidaria","","","","","Animalia, Cnidaria, Anthozoa, Octocorallia, Gorgonacea, Holaxonia, Gorgoniidae","Octocorals","",2,"","Dry","103-56","Schmitt, W. L.; Chace, F. A.; Nicholson, D. V.","12 Apr 1956","","North Atlantic Ocean","Caribbean Sea","","St. Kitts and Nevis","","","","St. Kitts (St. Christopher), windward beach opposite Frigate Bay, coral reef just off shore","","","","Smithsonian - Bredin Caribbean Expedition","Freelance R/V","","","","","","","","BREDIN/103-56","","208263","","","","","","","","","05 Jun 2023 16:23:00","http://n2t.net/ark:/65665/3e79197ac-05c5-43c4-98c9-7204f00b7380"
"USNM 50348","Specimen/Lot","Gorgonia ventalina Linnaeus, 1758","Gorgoniidae","Cnidaria","Anthozoa","Gorgonacea","Bayer, Frederick M., Smithsonian Institution, National Museum of Natural History","","Gorgonia ventalina Linnaeus, 1758 : Gorgoniidae : Gorgonacea : Anthozoa : Cnidaria","","","","","Animalia, Cnidaria, Anthozoa, Octocorallia, Gorgonacea, Holaxonia, Gorgoniidae","Octocorals","",1,"","Dry","112-56","Schmitt, W. L.; Chace, F. A.; Nicholson, D. V.","15 Apr 1956","","North Atlantic Ocean","Caribbean Sea","","British Virgin Islands","","","","Virgin Gorda, Colquhoun Reef, entrance to North Sound","","","","Smithsonian - Bredin Caribbean Expedition","Freelance R/V","","","","","","","","BREDIN/112-56","","208263","","","","","","","","","05 Jun 2023 16:23:00","http://n2t.net/ark:/65665/314a96cfb-cb4b-43d4-b017-3dfa94fae352"
"USNM 50663","Specimen/Lot","Gorgonia ventalina Linnaeus, 1758","Gorgoniidae","Cnidaria","Anthozoa","Gorgonacea","Bayer, Frederick M., Smithsonian Institution, National Museum of Natural History","","Gorgonia ventalina Linnaeus, 1758 : Gorgoniidae : Gorgonacea : Anthozoa : Cnidaria","Rhipidogorgia flabellum (Linnaeus, 1758)","","","","Animalia, Cnidaria, Anthozoa, Octocorallia, Gorgonacea, Holaxonia, Gorgoniidae","Octocorals","",1,"","Dry","","Steenberghe, F. F.","May 1869","","North Atlantic Ocean","Caribbean Sea","","Netherlands Antilles","","","","Curacao",12.1667,-69,"","","","","","","","","","","","","189993","","","","","","","","","05 Jun 2023 16:23:00","http://n2t.net/ark:/65665/37717b094-066a-465e-abb0-ccead528ebd3"
"USNM 50664","Specimen/Lot","Gorgonia ventalina Linnaeus, 1758","Gorgoniidae","Cnidaria","Anthozoa","Gorgonacea","Bayer, Frederick M., Smithsonian Institution, National Museum of Natural History","","Gorgonia ventalina Linnaeus, 1758 : Gorgoniidae : Gorgonacea : Anthozoa : Cnidaria","Rhipidogorgia flabellum (Linnaeus, 1758)","","","","Animalia, Cnidaria, Anthozoa, Octocorallia, Gorgonacea, Holaxonia, Gorgoniidae","Octocorals","",1,"","Dry","","van Koolwijk, A. J.","1880","","North Atlantic Ocean","Caribbean Sea","","Netherlands Antilles","","","","Aruba","","","","","","","","","","","","","","","189993","","","","","","","","","05 Jun 2023 16:23:00","http://n2t.net/ark:/65665/3dfb6ce7c-605f-4a84-b5a8-2e13b1701aaf"
"USNM 50670","Specimen/Lot","Gorgonia ventalina Linnaeus, 1758","Gorgoniidae","Cnidaria","Anthozoa","Gorgonacea","Bayer, Frederick M., Smithsonian Institution, National Museum of Natural History","","Gorgonia ventalina Linnaeus, 1758 : Gorgoniidae : Gorgonacea : Anthozoa : Cnidaria","","","","","Animalia, Cnidaria, Anthozoa, Octocorallia, Gorgonacea, Holaxonia, Gorgoniidae","Octocorals","",2,"","Dry","6","Nicol, D.","7 Jul 1956","","North Atlantic Ocean","","","Bermuda","","","","George's Island, Ferry Point, Rocky Shore At West End Of Strait","","","","","","","","","2","","","","","","212313","","","","","","","","","05 Jun 2023 16:23:00","http://n2t.net/ark:/65665/38f59f190-2024-4ed7-b258-52e61343504d"
"USNM 50671","Specimen/Lot","Gorgonia ventalina Linnaeus, 1758","Gorgoniidae","Cnidaria","Anthozoa","Gorgonacea","Bayer, Frederick M., Smithsonian Institution, National Museum of Natural History","","Gorgonia ventalina Linnaeus, 1758 : Gorgoniidae : Gorgonacea : Anthozoa : Cnidaria","","","","","Animalia, Cnidaria, Anthozoa, Octocorallia, Gorgonacea, Holaxonia, Gorgoniidae","Octocorals","",2,"","Dry","22","Nicol, D.","20 Jul 1956","","North Atlantic Ocean","","","Bermuda","","","","Outer Reefs, 8 Mile Northern Shore","","","","","","","","","5","","","","","","212313","","","","","","","","","05 Jun 2023 16:23:00","http://n2t.net/ark:/65665/3679d0a24-be17-4f76-9ab0-462c11b9fd89"
"USNM 50758","Specimen/Lot","Gorgonia ventalina Linnaeus, 1758","Gorgoniidae","Cnidaria","Anthozoa","Gorgonacea","Bayer, Frederick M., Smithsonian Institution, National Museum of Natural History","","Gorgonia ventalina Linnaeus, 1758 : Gorgoniidae : Gorgonacea : Anthozoa : Cnidaria","","","","","Animalia, Cnidaria, Anthozoa, Octocorallia, Gorgonacea, Holaxonia, Gorgoniidae","Octocorals","",1,"","Dry","9","Shoemaker, C. R.","10 Jul 1915","","North Atlantic Ocean","Caribbean Sea","","Virgin Islands of the United States","","","","St. Thomas Island, Great St. James Island",18.35,-64.9331,"","","","","","","5","","","","","","000000","","","","","","","","","05 Jun 2023 16:23:00","http://n2t.net/ark:/65665/3bcdd8321-160f-4113-8ca4-a28cdf4e2add"
"USNM 51352","Specimen/Lot","Gorgonia ventalina Linnaeus, 1758","Gorgoniidae","Cnidaria","Anthozoa","Gorgonacea","Bayer, Frederick M., Smithsonian Institution, National Museum of Natural History","","Gorgonia ventalina Linnaeus, 1758 : Gorgoniidae : Gorgonacea : Anthozoa : Cnidaria","","","","","Animalia, Cnidaria, Anthozoa, Octocorallia, Gorgonacea, Holaxonia, Gorgoniidae","Octocorals","",1,"","Dry","","Zaneveld, J. S.","9 Jan 1955","","North Atlantic Ocean","Caribbean Sea","","Netherlands Antilles","","","","Curacao, Klein Berg","","","","","","","","","","","","","","","189993","","","","","","","","","05 Jun 2023 16:23:00","http://n2t.net/ark:/65665/3dd6ae846-2e6e-4f50-921b-9f4b36a5be8a"
"USNM 51406","Specimen/Lot","Gorgonia ventalina Linnaeus, 1758","Gorgoniidae","Cnidaria","Anthozoa","Gorgonacea","Bayer, Frederick M., Smithsonian Institution, National Museum of Natural History","","Gorgonia ventalina Linnaeus, 1758 : Gorgoniidae : Gorgonacea : Anthozoa : Cnidaria","","","","","Animalia, Cnidaria, Anthozoa, Octocorallia, Gorgonacea, Holaxonia, Gorgoniidae","Octocorals","",1,"","Dry","","Fontaine, A.","19 Jun 1953","","North Atlantic Ocean","Caribbean Sea","","Jamaica","","","","Lime Cay Banks","","","","","","","","","","","","","","","227105","","","","","","","","","05 Jun 2023 16:23:00","http://n2t.net/ark:/65665/3dfff8615-f2fd-4595-b5ba-920a31f25ced"
"USNM 51422","Specimen/Lot","Gorgonia ventalina Linnaeus, 1758","Gorgoniidae","Cnidaria","Anthozoa","Gorgonacea","Bayer, Frederick M., Smithsonian Institution, National Museum of Natural History","","Gorgonia ventalina Linnaeus, 1758 : Gorgoniidae : Gorgonacea : Anthozoa : Cnidaria","","","","","Animalia, Cnidaria, Anthozoa, Octocorallia, Gorgonacea, Holaxonia, Gorgoniidae","Octocorals","",3,"","Dry","42-59","","12 Apr 1959","Aqua Lung","North Atlantic Ocean","Caribbean Sea","","Trinidad and Tobago","","","","Tobago Island, Milford Bay, between Pigeon Point and Crown Point","","","","Smithsonian - Bredin Caribbean Expedition","Caribee R/V","","","","9 to 12","","","","BREDIN/42-59","","223851","","","","","","","","","08 Oct 2024 16:36:00","http://n2t.net/ark:/65665/3714b2034-1c5c-4f1e-9b6d-c5e17008134c"
"USNM 51440","Specimen/Lot","Gorgonia ventalina Linnaeus, 1758","Gorgoniidae","Cnidaria","Anthozoa","Gorgonacea","Bayer, Frederick M., Smithsonian Institution, National Museum of Natural History","","Gorgonia ventalina Linnaeus, 1758 : Gorgoniidae : Gorgonacea : Anthozoa : Cnidaria","","","","","Animalia, Cnidaria, Anthozoa, Octocorallia, Gorgonacea, Holaxonia, Gorgoniidae","Octocorals","",1,"","Dry","","Hildebrand, H. H.; Compton, H.","Jul 1959","","North Atlantic Ocean","Gulf of Mexico","","Mexico","Yucatan","","","Campeche Bank, Alacran Reef, Perez Island","","","","","","","","","1 to 3","","","","","","227964","","","","","","","","","05 Jun 2023 16:23:00","http://n2t.net/ark:/65665/3abb5da28-d552-46d4-967f-53b674db4fc7"
"USNM 51556","Specimen/Lot","Gorgonia ventalina Linnaeus, 1758","Gorgoniidae","Cnidaria","Anthozoa","Gorgonacea","Bayer, Frederick M., Smithsonian Institution, National Museum of Natural History","1960","Gorgonia ventalina Linnaeus, 1758 : Gorgoniidae : Gorgonacea : Anthozoa : Cnidaria","","","","","Animalia, Cnidaria, Anthozoa, Octocorallia, Gorgonacea, Holaxonia, Gorgoniidae","Octocorals","",1,"","Alcohol (Ethanol); Dry","","Chess, T.","4 Jan 1960","","North Atlantic Ocean","Caribbean Sea","","Virgin Islands of the United States","","","","St. John Island, Cabrittehorn Point","","","","","","","","","12","","","","","","229953","","","","","","","","","05 Jun 2023 16:23:00","http://n2t.net/ark:/65665/363bd3e62-9d8d-4b32-9553-c25ec282d1bd"
"USNM 51746","Specimen/Lot","Gorgonia ventalina Linnaeus, 1758","Gorgoniidae","Cnidaria","Anthozoa","Gorgonacea","Bayer, Frederick M., Smithsonian Institution, National Museum of Natural History","1960","Gorgonia ventalina Linnaeus, 1758 : Gorgoniidae : Gorgonacea : Anthozoa : Cnidaria","","","","","Animalia, Cnidaria, Anthozoa, Octocorallia, Gorgonacea, Holaxonia, Gorgoniidae","Octocorals","",1,"","Dry","","Schroeder, R. E.","Nov 1960","","North Atlantic Ocean","Caribbean Sea","","Virgin Islands of the United States","","","","St. John Island, South Shore","","","","","","","","","","","","","","","232671","","","","","","","","","05 Jun 2023 16:23:00","http://n2t.net/ark:/65665/3d98f0785-a5b2-4ee8-b7f9-79399d53e8da"
"USNM 51838","Specimen/Lot","Gorgonia ventalina Linnaeus, 1758","Gorgoniidae","Cnidaria","Anthozoa","Gorgonacea","Bayer, Frederick M., Smithsonian Institution, National Museum of Natural History","1960","Gorgonia ventalina Linnaeus, 1758 : Gorgoniidae : Gorgonacea : Anthozoa : Cnidaria","","","","","Animalia, Cnidaria, Anthozoa, Octocorallia, Gorgonacea, Holaxonia, Gorgoniidae","Octocorals","",1,"","Dry","","Schroeder, R. E.","Nov 1960","","North Atlantic Ocean","Caribbean Sea","","Virgin Islands of the United States","","","","St. John Island, South Shore","","","","","","","","","","","","","","","232671","","","","","","","","","05 Jun 2023 16:23:00","http://n2t.net/ark:/65665/3b6b5c558-f569-4c7b-828e-6d61eb2eb194"
"USNM 51839","Specimen/Lot","Gorgonia ventalina Linnaeus, 1758","Gorgoniidae","Cnidaria","Anthozoa","Gorgonacea","Bayer, Frederick M., Smithsonian Institution, National Museum of Natural History","1960","Gorgonia ventalina Linnaeus, 1758 : Gorgoniidae : Gorgonacea : Anthozoa : Cnidaria","","","","","Animalia, Cnidaria, Anthozoa, Octocorallia, Gorgonacea, Holaxonia, Gorgoniidae","Octocorals","",1,"","Dry","","Schroeder, R. E.","Nov 1960","","North Atlantic Ocean","Caribbean Sea","","Virgin Islands of the United States","","","","St. John Island, South Shore","","","","","","","","","","","","","","","232671","","","","","","","","","05 Jun 2023 16:23:00","http://n2t.net/ark:/65665/3da57d969-f82f-47e4-b46e-af759e8a3d7f"
"USNM 51840","Specimen/Lot","Gorgonia ventalina Linnaeus, 1758","Gorgoniidae","Cnidaria","Anthozoa","Gorgonacea","Bayer, Frederick M., Smithsonian Institution, National Museum of Natural History","1960","Gorgonia ventalina Linnaeus, 1758 : Gorgoniidae : Gorgonacea : Anthozoa : Cnidaria","","","","","Animalia, Cnidaria, Anthozoa, Octocorallia, Gorgonacea, Holaxonia, Gorgoniidae","Octocorals","",1,"","Dry","","Schroeder, R. E.","Nov 1960","","North Atlantic Ocean","Caribbean Sea","","Virgin Islands of the United States","","","","St. John Island, South Shore","","","","","","","","","","","","","","","232671","","","","","","","","","05 Jun 2023 16:23:00","http://n2t.net/ark:/65665/393237bb6-4633-45c6-84ca-c3ed6a1952ae"
"USNM 51841","Specimen/Lot","Gorgonia ventalina Linnaeus, 1758","Gorgoniidae","Cnidaria","Anthozoa","Gorgonacea","Bayer, Frederick M., Smithsonian Institution, National Museum of Natural History","1960","Gorgonia ventalina Linnaeus, 1758 : Gorgoniidae : Gorgonacea : Anthozoa : Cnidaria","","","","","Animalia, Cnidaria, Anthozoa, Octocorallia, Gorgonacea, Holaxonia, Gorgoniidae","Octocorals","",1,"","Dry","","Schroeder, R. E.","Nov 1960","","North Atlantic Ocean","Caribbean Sea","","Virgin Islands of the United States","","","","St. John Island, South Shore","","","","","","","","","","","","","","","232671","","","","","","","","","05 Jun 2023 16:23:00","http://n2t.net/ark:/65665/3052f5877-cd53-44ff-a31b-c60b27ca9af2"
"USNM 51842","Specimen/Lot","Gorgonia ventalina Linnaeus, 1758","Gorgoniidae","Cnidaria","Anthozoa","Gorgonacea","Bayer, Frederick M., Smithsonian Institution, National Museum of Natural History","1960","Gorgonia ventalina Linnaeus, 1758 : Gorgoniidae : Gorgonacea : Anthozoa : Cnidaria","","","","","Animalia, Cnidaria, Anthozoa, Octocorallia, Gorgonacea, Holaxonia, Gorgoniidae","Octocorals","",1,"","Dry","","Schroeder, R. E.","Nov 1960","","North Atlantic Ocean","Caribbean Sea","","Virgin Islands of the United States","","","","St. John Island, South Shore","","","","","","","","","","","","","","","232671","","","","","","","","","05 Jun 2023 16:23:00","http://n2t.net/ark:/65665/3a67ef501-f44a-40db-a57c-b79272924df5"
"USNM 51967","Specimen/Lot","Gorgonia ventalina Linnaeus, 1758","Gorgoniidae","Cnidaria","Anthozoa","Gorgonacea","Bayer, Frederick M., Smithsonian Institution, National Museum of Natural History","1961","Gorgonia ventalina Linnaeus, 1758 : Gorgoniidae : Gorgonacea : Anthozoa : Cnidaria","","","","","Animalia, Cnidaria, Anthozoa, Octocorallia, Gorgonacea, Holaxonia, Gorgoniidae","Octocorals","",1,"","Dry","15","Tucker, T.","26 Aug 1960","","North Atlantic Ocean","","","Bermuda","","","","Bermuda Island, Southampton, South Shore","","","","","","","","","8","","","","","","232609","","","","","","","","","05 Jun 2023 16:23:00","http://n2t.net/ark:/65665/34c3389ed-a612-4d44-a5cb-9ff159c0c15b"
"USNM 51968","Specimen/Lot","Gorgonia ventalina Linnaeus, 1758","Gorgoniidae","Cnidaria","Anthozoa","Gorgonacea","Bayer, Frederick M., Smithsonian Institution, National Museum of Natural History","1961","Gorgonia ventalina Linnaeus, 1758 : Gorgoniidae : Gorgonacea : Anthozoa : Cnidaria","","","","","Animalia, Cnidaria, Anthozoa, Octocorallia, Gorgonacea, Holaxonia, Gorgoniidae","Octocorals","",1,"","Dry","","Tucker, T.","1960 (-- SPR 1960)","","North Atlantic Ocean","","","Bermuda","","","","",32.33,-64.75,"","","","","","","","","","","","","232609","","","","","","","","","05 Jun 2023 16:23:00","http://n2t.net/ark:/65665/3fe4666e0-56cb-4050-ab99-b355e84639a0"
"USNM 51969","Specimen/Lot","Gorgonia ventalina Linnaeus, 1758","Gorgoniidae","Cnidaria","Anthozoa","Gorgonacea","Bayer, Frederick M., Smithsonian Institution, National Museum of Natural History","1961","Gorgonia ventalina Linnaeus, 1758 : Gorgoniidae : Gorgonacea : Anthozoa : Cnidaria","","","","","Animalia, Cnidaria, Anthozoa, Octocorallia, Gorgonacea, Holaxonia, Gorgoniidae","Octocorals","",1,"","Dry","","Tucker, T.","1960 (-- SPR 1960)","","North Atlantic Ocean","","","Bermuda","","","","",32.33,-64.75,"","","","","","","","","","","","","232609","","","","","","","","","05 Jun 2023 16:23:00","http://n2t.net/ark:/65665/3e4f0e33f-4e79-4705-bbb6-c15df6441d41"
"USNM 52195","Specimen/Lot","Gorgonia ventalina Linnaeus, 1758","Gorgoniidae","Cnidaria","Anthozoa","Gorgonacea","Bayer, Frederick M., Smithsonian Institution, National Museum of Natural History","1961","Gorgonia ventalina Linnaeus, 1758 : Gorgoniidae : Gorgonacea : Anthozoa : Cnidaria","","","","","Animalia, Cnidaria, Anthozoa, Octocorallia, Gorgonacea, Holaxonia, Gorgoniidae","Octocorals","",1,"","Dry","","Arnow, T.","1961","","North Atlantic Ocean","Caribbean Sea","","Puerto Rico","","","","Vega Baja","","","","","","","","","","","","","","","237505","","","","","","","","","05 Jun 2023 16:23:00","http://n2t.net/ark:/65665/3f395ac5b-09ce-4300-be7b-fe588aeacb39"
"USNM 52416","Specimen/Lot","Gorgonia ventalina Linnaeus, 1758","Gorgoniidae","Cnidaria","Anthozoa","Gorgonacea","Bayer, Frederick M., Smithsonian Institution, National Museum of Natural History","1961","Gorgonia ventalina Linnaeus, 1758 : Gorgoniidae : Gorgonacea : Anthozoa : Cnidaria","","","","","Animalia, Cnidaria, Anthozoa, Octocorallia, Gorgonacea, Holaxonia, Gorgoniidae","Octocorals","",1,"","Dry","2785-K","Bonet, F.","Jul 1961","","North Atlantic Ocean","Gulf of Mexico","","Mexico","Yucatan","","","Campeche Bank, Arrecife Reef","","","","","","","","","","","","","","","238840","","","","","","","","","05 Jun 2023 16:23:00","http://n2t.net/ark:/65665/3cee5aaa7-041d-4a14-9704-ff959ca7e1f7"
"USNM 54265","Specimen/Lot","Gorgonia ventalina Linnaeus, 1758","Gorgoniidae","Cnidaria","Anthozoa","Gorgonacea","Bayer, Frederick M., Smithsonian Institution, National Museum of Natural History","","Gorgonia ventalina Linnaeus, 1758 : Gorgoniidae : Gorgonacea : Anthozoa : Cnidaria","","","","","Animalia, Cnidaria, Anthozoa, Octocorallia, Gorgonacea, Holaxonia, Gorgoniidae","Octocorals","",3,"","Dry","858","","3 Jul 1969","","North Atlantic Ocean","Caribbean Sea","","St. Vincent and the Grenadines","","","","Carriacou Island, East of",12.5733,-61.345,"","","Pillsbury R/V","6907","","","11","","","","P858","","296540","","","","","","","","","05 Jun 2023 16:23:00","http://n2t.net/ark:/65665/37e7c0c56-5c9b-437d-98e9-955c83e0f14d"
"USNM 54266","Specimen/Lot","Gorgonia ventalina Linnaeus, 1758","Gorgoniidae","Cnidaria","Anthozoa","Gorgonacea","Bayer, Frederick M., Smithsonian Institution, National Museum of Natural History","","Gorgonia ventalina Linnaeus, 1758 : Gorgoniidae : Gorgonacea : Anthozoa : Cnidaria","","","","","Animalia, Cnidaria, Anthozoa, Octocorallia, Gorgonacea, Holaxonia, Gorgoniidae","Octocorals","",1,"","Dry","1294","","20 Jul 1970","","North Atlantic Ocean","Caribbean Sea","","Dominican Republic","","","","Neiba Bay",18.2533,-70.9717,"","","Pillsbury R/V","7006","","","48 to 50","","","","P1294","","296549","","","","","","","","","05 Jun 2023 16:23:00","http://n2t.net/ark:/65665/3009a8fab-22ba-4886-8e27-aae2503168ca"
"USNM 54267","Specimen/Lot","Gorgonia ventalina Linnaeus, 1758","Gorgoniidae","Cnidaria","Anthozoa","Gorgonacea","Bayer, Frederick M., Smithsonian Institution, National Museum of Natural History","","Gorgonia ventalina Linnaeus, 1758 : Gorgoniidae : Gorgonacea : Anthozoa : Cnidaria","","","","","Animalia, Cnidaria, Anthozoa, Octocorallia, Gorgonacea, Holaxonia, Gorgoniidae","Octocorals","",1,"","Dry","1284","","19 Jul 1970","","North Atlantic Ocean","Caribbean Sea","","Dominican Republic","","","","Beata Island",17.5833,-71.4167,"","","Pillsbury R/V","7006","","","18 to 22","","","","P1284","","322031","","","","","","","","","05 Jun 2023 16:23:00","http://n2t.net/ark:/65665/31ae87f00-2894-4818-b8f5-fd714844b6c9"
"USNM 54268","Specimen/Lot","Gorgonia ventalina Linnaeus, 1758","Gorgoniidae","Cnidaria","Anthozoa","Gorgonacea","Bayer, Frederick M., Smithsonian Institution, National Museum of Natural History","","Gorgonia ventalina Linnaeus, 1758 : Gorgoniidae : Gorgonacea : Anthozoa : Cnidaria","","","","","Animalia, Cnidaria, Anthozoa, Octocorallia, Gorgonacea, Holaxonia, Gorgoniidae","Octocorals","",1,"","Dry","1151","","15 Jan 1970","","North Atlantic Ocean","Caribbean Sea","","Dominican Republic","","","","Monte Cristi, NE of",19.95,-71.3433,"","","Pillsbury R/V","7001","","","37 to 695","","","","P1151","","322031","","","","","","","","","05 Jun 2023 16:23:00","http://n2t.net/ark:/65665/3d56395d2-8420-4ea6-aead-5dc288039fa3"
"USNM 55026","Specimen/Lot","Gorgonia ventalina Linnaeus, 1758","Gorgoniidae","Cnidaria","Anthozoa","Gorgonacea","Bayer, Frederick M., Smithsonian Institution, National Museum of Natural History","","Gorgonia ventalina Linnaeus, 1758 : Gorgoniidae : Gorgonacea : Anthozoa : Cnidaria","","","","","Animalia, Cnidaria, Anthozoa, Octocorallia, Gorgonacea, Holaxonia, Gorgoniidae","Octocorals","",1,"","Dry","1284","","19 Jul 1970","","North Atlantic Ocean","Caribbean Sea","","Dominican Republic","","","","Beata Island",17.5833,-71.4167,"","","Pillsbury R/V","7006","","","18 to 22","","","","P1284","","322031","","","","","","","","","05 Jun 2023 16:23:00","http://n2t.net/ark:/65665/330339719-e87c-4497-8cdb-dc855d6258e9"
"USNM 55027","Specimen/Lot","Gorgonia ventalina Linnaeus, 1758","Gorgoniidae","Cnidaria","Anthozoa","Gorgonacea","Bayer, Frederick M., Smithsonian Institution, National Museum of Natural History","","Gorgonia ventalina Linnaeus, 1758 : Gorgoniidae : Gorgonacea : Anthozoa : Cnidaria","","","","","Animalia, Cnidaria, Anthozoa, Octocorallia, Gorgonacea, Holaxonia, Gorgoniidae","Octocorals","",1,"","Dry; SEM Stub:Bayer 2828","1285","","19 Jul 1970","","North Atlantic Ocean","Caribbean Sea","","Dominican Republic","","","","Cape Beata, East of",17.7333,-71.3333,"","","Pillsbury R/V","7006","","","17 to 22","","","","P1285","","322031","","","","","","","","","23 Aug 2024 20:09:00","http://n2t.net/ark:/65665/398a08c9b-8f34-4b91-bcce-50cea5961836"
"USNM 55028","Specimen/Lot","Gorgonia ventalina Linnaeus, 1758","Gorgoniidae","Cnidaria","Anthozoa","Gorgonacea","Bayer, Frederick M., Smithsonian Institution, National Museum of Natural History","","Gorgonia ventalina Linnaeus, 1758 : Gorgoniidae : Gorgonacea : Anthozoa : Cnidaria","","","","","Animalia, Cnidaria, Anthozoa, Octocorallia, Gorgonacea, Holaxonia, Gorgoniidae","Octocorals","",1,"","Dry","1296","","20 Jul 1970","","North Atlantic Ocean","Caribbean Sea","","Dominican Republic","","","","Ocoa Bay",18.2583,-70.875,"","","Pillsbury R/V","7006","","","13 to 24","","","","P1296","","322031","","","","","","","","","05 Jun 2023 16:23:00","http://n2t.net/ark:/65665/38b4a05b2-430d-451d-84b5-1abf9bb45bad"
"USNM 55029","Specimen/Lot","Gorgonia ventalina Linnaeus, 1758","Gorgoniidae","Cnidaria","Anthozoa","Gorgonacea","Bayer, Frederick M., Smithsonian Institution, National Museum of Natural History","","Gorgonia ventalina Linnaeus, 1758 : Gorgoniidae : Gorgonacea : Anthozoa : Cnidaria","","","","","Animalia, Cnidaria, Anthozoa, Octocorallia, Gorgonacea, Holaxonia, Gorgoniidae","Octocorals","",1,"","Dry","1415","","18 Jul 1971","","North Atlantic Ocean","Caribbean Sea","","Dominican Republic","","","","Silver Bank",20.2617,-69.6083,"","","Pillsbury R/V","7106","","","13 to 15","","","","P1415","","322031","","","","","","","","","05 Jun 2023 16:23:00","http://n2t.net/ark:/65665/37c91ce9e-2ddc-40d5-b4f0-0ee9dbbbf51e"
"USNM 55030","Specimen/Lot","Gorgonia ventalina Linnaeus, 1758","Gorgoniidae","Cnidaria","Anthozoa","Gorgonacea","Bayer, Frederick M., Smithsonian Institution, National Museum of Natural History","","Gorgonia ventalina Linnaeus, 1758 : Gorgoniidae : Gorgonacea : Anthozoa : Cnidaria","","","","","Animalia, Cnidaria, Anthozoa, Octocorallia, Gorgonacea, Holaxonia, Gorgoniidae","Octocorals","",1,"","Dry","1417","","19 Jul 1971","","North Atlantic Ocean","","","Turks And Caicos Islands","","","","Grand Turk Island, SE of",21.3467,-70.9733,"","","Pillsbury R/V","7106","","","7 to 8","","","","P1417","","322031","","","","","","","","","05 Jun 2023 16:23:00","http://n2t.net/ark:/65665/32008e987-5d15-405e-8f74-4892ae9f40e7"
"USNM 55031","Specimen/Lot","Gorgonia ventalina Linnaeus, 1758","Gorgoniidae","Cnidaria","Anthozoa","Gorgonacea","Bayer, Frederick M., Smithsonian Institution, National Museum of Natural History","","Gorgonia ventalina Linnaeus, 1758 : Gorgoniidae : Gorgonacea : Anthozoa : Cnidaria","","","","","Animalia, Cnidaria, Anthozoa, Octocorallia, Gorgonacea, Holaxonia, Gorgoniidae","Octocorals","",1,"","Dry","1419","","19 Jul 1971","","North Atlantic Ocean","","","Turks And Caicos Islands","","","","Grand Turk Island, SE of",21.36,-70.9633,"","","Pillsbury R/V","7106","","","7 to 8","","","","P1419","","322031","","","","","","","","","05 Jun 2023 16:23:00","http://n2t.net/ark:/65665/3af28d4d3-b478-4314-af0e-98630aa5701d"
"USNM 55032","Specimen/Lot","Gorgonia ventalina Linnaeus, 1758","Gorgoniidae","Cnidaria","Anthozoa","Gorgonacea","Bayer, Frederick M., Smithsonian Institution, National Museum of Natural History","","Gorgonia ventalina Linnaeus, 1758 : Gorgoniidae : Gorgonacea : Anthozoa : Cnidaria","","","","","Animalia, Cnidaria, Anthozoa, Octocorallia, Gorgonacea, Holaxonia, Gorgoniidae","Octocorals","",4,"","Dry","1420","","19 Jul 1971","","North Atlantic Ocean","","","Turks And Caicos Islands","","","","Grand Turk Island, SE of",21.3617,-70.955,"","","Pillsbury R/V","7106","","","7 to 8","","","There are clearly 4 separate specimens stored together in a large plastic bag, though the original handwritten label shows that there are only 2.","P1420","","322031","","","","","","","","","25 Feb 2025 19:56:00","http://n2t.net/ark:/65665/376b8872d-a3c6-4f7d-9069-2cd238dd4c98"
"USNM 58079","Specimen/Lot","Gorgonia ventalina Linnaeus, 1758","Gorgoniidae","Cnidaria","Anthozoa","Gorgonacea","Bayer, Frederick M., Smithsonian Institution, National Museum of Natural History","","Gorgonia ventalina Linnaeus, 1758 : Gorgoniidae : Gorgonacea : Anthozoa : Cnidaria","","","","","Animalia, Cnidaria, Anthozoa, Octocorallia, Gorgonacea, Holaxonia, Gorgoniidae","Octocorals","",1,"","Dry","","Ramirez, P.","","","North Atlantic Ocean","Caribbean Sea","","Venezuela","","","","Margarita Island","","","","","","","","","","","","","","","327935","","","","","","","","","05 Jun 2023 16:23:00","http://n2t.net/ark:/65665/39d5e045e-2f02-46db-ba94-4c505b28cc4f"
"USNM 59059","Specimen/Lot","Gorgonia ventalina Linnaeus, 1758","Gorgoniidae","Cnidaria","Anthozoa","Gorgonacea","Bayer, Frederick M., Smithsonian Institution, National Museum of Natural History","11 Sep 1979","Gorgonia ventalina Linnaeus, 1758 : Gorgoniidae : Gorgonacea : Anthozoa : Cnidaria","","","","","Animalia, Cnidaria, Anthozoa, Octocorallia, Gorgonacea, Holaxonia, Gorgoniidae","Octocorals","",1,"","Dry","","Lighty, R. J.","","","North Atlantic Ocean","","","Bahamas","","","","Abaco Island, Barrier Reef","","","","","","","","","","","","","","","336914","","","","","","","","","05 Jun 2023 16:23:00","http://n2t.net/ark:/65665/3ef69b415-b946-4db7-9a1a-cdd7a64cd6e6"
"USNM 59091","Specimen/Lot","Gorgonia ventalina Linnaeus, 1758","Gorgoniidae","Cnidaria","Anthozoa","Gorgonacea","Bayer, Frederick M., Smithsonian Institution, National Museum of Natural History","Sep 1979","Gorgonia ventalina Linnaeus, 1758 : Gorgoniidae : Gorgonacea : Anthozoa : Cnidaria","","","","","Animalia, Cnidaria, Anthozoa, Octocorallia, Gorgonacea, Holaxonia, Gorgoniidae","Octocorals","",1,"","Dry","","Hotchkiss, F.","5 May 1974","","North Atlantic Ocean","Caribbean Sea","","Belize","","","","Carrie Bow Cay, Fore Reef Slope",16.8,-88.08,"","Investigations of Marine Shallow-Water Ecosystems","","","","","12","","","","","","300990","","","","","","","","","05 Jun 2023 16:23:00","http://n2t.net/ark:/65665/3f2cc1cdc-a612-4aa3-bead-580ea1b45eab"
"USNM 59146","Specimen/Lot","Gorgonia ventalina Linnaeus, 1758","Gorgoniidae","Cnidaria","Anthozoa","Gorgonacea","Musik, K.","1979","Gorgonia ventalina Linnaeus, 1758 : Gorgoniidae : Gorgonacea : Anthozoa : Cnidaria","","","","","Animalia, Cnidaria, Anthozoa, Octocorallia, Gorgonacea, Holaxonia, Gorgoniidae","Octocorals","",3,"","Dry","","Musik, K.","Apr 1979","","North Atlantic Ocean","Caribbean Sea","","Belize","","","","Carrie Bow Cay",16.8,-88.08,"","CCRE - Caribbean Coral Reef Ecosystems, Belize","","","","","14","","","","","","300990","","","","","","","","","05 Jun 2023 16:23:00","http://n2t.net/ark:/65665/31d108369-037e-40c0-99dd-40ca0ae6ff45"
"USNM 59147","Specimen/Lot","Gorgonia ventalina Linnaeus, 1758","Gorgoniidae","Cnidaria","Anthozoa","Gorgonacea","Musik, K.","","Gorgonia ventalina Linnaeus, 1758 : Gorgoniidae : Gorgonacea : Anthozoa : Cnidaria","","","","","Animalia, Cnidaria, Anthozoa, Octocorallia, Gorgonacea, Holaxonia, Gorgoniidae","Octocorals","",3,"","Dry","","Musik, K.","Apr 1979","","North Atlantic Ocean","Caribbean Sea","","Belize","","","","Carrie Bow Cay",16.8,-88.08,"","CCRE - Caribbean Coral Reef Ecosystems, Belize","","","","","18","","","","","","300990","","","","","","","","","05 Jun 2023 16:23:00","http://n2t.net/ark:/65665/38453ade9-9920-4615-a024-28a870589318"
"USNM 59148","Specimen/Lot","Gorgonia ventalina Linnaeus, 1758","Gorgoniidae","Cnidaria","Anthozoa","Gorgonacea","Musik, K.","","Gorgonia ventalina Linnaeus, 1758 : Gorgoniidae : Gorgonacea : Anthozoa : Cnidaria","","","","","Animalia, Cnidaria, Anthozoa, Octocorallia, Gorgonacea, Holaxonia, Gorgoniidae","Octocorals","",3,"","Dry","","Musik, K.","Apr 1979","","North Atlantic Ocean","Caribbean Sea","","Belize","","","","Carrie Bow Cay, Butress",16.8,-88.08,"","CCRE - Caribbean Coral Reef Ecosystems, Belize","","","","","2","","","","","","300990","","","","","","","","","05 Jun 2023 16:23:00","http://n2t.net/ark:/65665/3a9b66176-7645-4b57-8b40-421f8d2f65a6"
"USNM 59149","Specimen/Lot","Gorgonia ventalina Linnaeus, 1758","Gorgoniidae","Cnidaria","Anthozoa","Gorgonacea","Musik, K.","","Gorgonia ventalina Linnaeus, 1758 : Gorgoniidae : Gorgonacea : Anthozoa : Cnidaria","","","","","Animalia, Cnidaria, Anthozoa, Octocorallia, Gorgonacea, Holaxonia, Gorgoniidae","Octocorals","",2,"","Dry","","Musik, K.","Apr 1979","","North Atlantic Ocean","Caribbean Sea","","Belize","","","","Carrie Bow Cay",16.8,-88.08,"","CCRE - Caribbean Coral Reef Ecosystems, Belize","","","","","2","","","","","","300990","","","","","","","","","05 Jun 2023 16:23:00","http://n2t.net/ark:/65665/3bbe2d742-df2a-4e88-8af7-f1a2c9f0acb9"
"USNM 59150","Specimen/Lot","Gorgonia ventalina Linnaeus, 1758","Gorgoniidae","Cnidaria","Anthozoa","Gorgonacea","Musik, K.","","Gorgonia ventalina Linnaeus, 1758 : Gorgoniidae : Gorgonacea : Anthozoa : Cnidaria","","","","","Animalia, Cnidaria, Anthozoa, Octocorallia, Gorgonacea, Holaxonia, Gorgoniidae","Octocorals","",3,"","Dry","","Musik, K.","Apr 1979","","North Atlantic Ocean","Caribbean Sea","","Belize","","","","Carrie Bow Cay",16.8,-88.08,"","CCRE - Caribbean Coral Reef Ecosystems, Belize","","","","","5","","","","","","300990","","","","","","","","","05 Jun 2023 16:23:00","http://n2t.net/ark:/65665/33a549037-f58c-4564-a8b9-2e415304b2cd"
"USNM 59151","Specimen/Lot","Gorgonia ventalina Linnaeus, 1758","Gorgoniidae","Cnidaria","Anthozoa","Gorgonacea","Musik, K.","","Gorgonia ventalina Linnaeus, 1758 : Gorgoniidae : Gorgonacea : Anthozoa : Cnidaria","","","","","Animalia, Cnidaria, Anthozoa, Octocorallia, Gorgonacea, Holaxonia, Gorgoniidae","Octocorals","",3,"","Dry","","Musik, K.","Apr 1979","","North Atlantic Ocean","Caribbean Sea","","Belize","","","","Carrie Bow Cay",16.8,-88.08,"","CCRE - Caribbean Coral Reef Ecosystems, Belize","","","","","9","","","","","","300990","","","","","","","","","05 Jun 2023 16:23:00","http://n2t.net/ark:/65665/3d8d14704-1897-4382-8d79-471a3cbc5e67"
"USNM 59472","Specimen/Lot","Gorgonia ventalina Linnaeus, 1758","Gorgoniidae","Cnidaria","Anthozoa","Gorgonacea","Bayer, Frederick M., Smithsonian Institution, National Museum of Natural History","","Gorgonia ventalina Linnaeus, 1758 : Gorgoniidae : Gorgonacea : Anthozoa : Cnidaria","","","","","Animalia, Cnidaria, Anthozoa, Octocorallia, Gorgonacea, Holaxonia, Gorgoniidae","Octocorals","",1,"","Dry","9-G-3","Fenical, W. H.","Apr 1980","","North Atlantic Ocean","Caribbean Sea","","Belize","","","","Carrie Bow Cay",16.8,-88.08,"","CCRE - Caribbean Coral Reef Ecosystems, Belize","","","","","","","","","","","327374","","","","","","","","","05 Jun 2023 16:23:00","http://n2t.net/ark:/65665/3f673c387-b471-4d55-bfa6-e1cd3614ea66"
"USNM 8857","Specimen/Lot","Gorgonia ventalina Linnaeus, 1758","Gorgoniidae","Cnidaria","Anthozoa","Gorgonacea","Rathbun, R.","","Gorgonia ventalina Linnaeus, 1758 : Gorgoniidae : Gorgonacea : Anthozoa : Cnidaria","","","","","Animalia, Cnidaria, Anthozoa, Octocorallia, Gorgonacea, Holaxonia, Gorgoniidae","Octocorals","",2,"","Dry","2149","United States Fish Commission","4 Apr 1884","Tangle - Bar","North Atlantic Ocean","Caribbean Sea","","Colombia","","","","Providencia Island",13.025,-81.4167,"","","Albatross R/V","","","","1814","","","","USFC/A2149","","000000","","","","","","","","","05 Jun 2023 16:23:00","http://n2t.net/ark:/65665/3364046ef-4e97-418c-8081-198a02493c88"
"USNM 8860","Specimen/Lot","Gorgonia ventalina Linnaeus, 1758","Gorgoniidae","Cnidaria","Anthozoa","Gorgonacea","Rathbun, R.","","Gorgonia ventalina Linnaeus, 1758 : Gorgoniidae : Gorgonacea : Anthozoa : Cnidaria","","","","","Animalia, Cnidaria, Anthozoa, Octocorallia, Gorgonacea, Holaxonia, Gorgoniidae","Octocorals","",2,"","Dry","256-Z","Palmer, E.","1884","","North Atlantic Ocean","Gulf of Mexico","","United States","Florida","","","Florida Keys, near Rodregas Island","","","","","","","","","","","","","","","014943","","","","","","","","","25 Feb 2025 17:44:00","http://n2t.net/ark:/65665/30d5d5f02-b1f5-4380-b1df-71ea437bcb36"
"USNM 93194","Specimen/Lot","Gorgonia ventalina Linnaeus, 1758","Gorgoniidae","Cnidaria","Anthozoa","Gorgonacea","Bayer, Frederick M., Smithsonian Institution, National Museum of Natural History","Feb 1993","Gorgonia ventalina Linnaeus, 1758 : Gorgoniidae : Gorgonacea : Anthozoa : Cnidaria","","","","","Animalia, Cnidaria, Anthozoa, Octocorallia, Gorgonacea, Holaxonia, Gorgoniidae","Octocorals","",4,"","Dry","","Tyler, J. C.; Tyler, D.","5 Feb 1993","","North Atlantic Ocean","Caribbean Sea","","Belize","","","","Carrie Bow Cay, SW Of Cbc, Patch Reef","","","","CCRE - Caribbean Coral Reef Ecosystems, Belize","","","","","8","","","","","","403489","","","","","","","","","05 Oct 2021 11:43:00","http://n2t.net/ark:/65665/39102bcd8-2978-4ec9-a201-9d46b51db45e"
"USNM 95428","Specimen/Lot","Gorgonia ventalina Linnaeus, 1758","Gorgoniidae","Cnidaria","Anthozoa","Gorgonacea","","","Gorgonia ventalina Linnaeus, 1758 : Gorgoniidae : Gorgonacea : Anthozoa : Cnidaria","","","","","Animalia, Cnidaria, Anthozoa, Octocorallia, Gorgonacea, Holaxonia, Gorgoniidae","Octocorals","",2,"","Dry","","Palmer, E.","1884","","North Atlantic Ocean","Gulf of Mexico","","United States","Florida","","","Florida Keys, Key West, South Of","","","","","","","","","","","","","","","","","","","","","","","","05 Jun 2023 16:23:00","http://n2t.net/ark:/65665/3628e47dd-aaf3-476a-8b59-b6686176b9ef"
"USNM 97722","Specimen/Lot","Gorgonia ventalina Linnaeus, 1758","Gorgoniidae","Cnidaria","Anthozoa","Gorgonacea","Bayer, Frederick M., Smithsonian Institution, National Museum of Natural History","Dec 1995","Gorgonia ventalina Linnaeus, 1758 : Gorgoniidae : Gorgonacea : Anthozoa : Cnidaria","","","","","Animalia, Cnidaria, Anthozoa, Octocorallia, Gorgonacea, Holaxonia, Gorgoniidae","Octocorals","",1,"","Dry","","Sanchez, J. A.","18 Sep 1992","Scuba","North Atlantic Ocean","Caribbean Sea","","Colombia","","","","Rosario Islands, Tesoro Island","","","","","","","","Inner fore reef","7","","","","","","406063","","","","","","","","","05 Jun 2023 16:23:00","http://n2t.net/ark:/65665/3c2fa0d39-3ec7-40b3-b85a-61519f54c6ea"
"USNM 97743","Specimen/Lot","Gorgonia ventalina Linnaeus, 1758","Gorgoniidae","Cnidaria","Anthozoa","Gorgonacea","Bayer, Frederick M., Smithsonian Institution, National Museum of Natural History","Dec 1995","Gorgonia ventalina Linnaeus, 1758 : Gorgoniidae : Gorgonacea : Anthozoa : Cnidaria","Gorgonia flabellum Linnaeus, 1758","","","","Animalia, Cnidaria, Anthozoa, Octocorallia, Gorgonacea, Holaxonia, Gorgoniidae","Octocorals","",1,"","Dry","","Sanchez; Ramirez","2 Apr 1986","Scuba","North Atlantic Ocean","Caribbean Sea","","Colombia","Magdalena","","","Santa Marta, El Morro","","","","","","","","Rocky littoral","6","","","","","","406063","","","","","","","","","05 Jun 2023 16:23:00","http://n2t.net/ark:/65665/3d5bfc564-b587-4a6b-bb29-da2f0068cb51"
"USNM 1007030","Specimen/Lot","Gorgonia ventalina Linnaeus, 1758","Gorgoniidae","Cnidaria","Anthozoa","Gorgonacea","Bayer, Frederick M., Smithsonian Institution, National Museum of Natural History","","Gorgonia ventalina Linnaeus, 1758 : Gorgoniidae : Gorgonacea : Anthozoa : Cnidaria","","","","","Animalia, Cnidaria, Anthozoa, Octocorallia, Gorgonacea, Holaxonia, Gorgoniidae","Octocorals","",1,"","DRY","","Peterson, L. W.","23 Jul 1961","","North Atlantic Ocean","","","Bermuda","","","","Hamilton, Off South shore","","","","","","","","","","","","","","","243131","","","","","","","","","22 Jan 2025 19:03:00","http://n2t.net/ark:/65665/3935d1598-ba25-40c1-8232-c760146fd24d"
"USNM 1007421","Specimen/Lot","Gorgonia ventalina Linnaeus, 1758","Gorgoniidae","Cnidaria","Anthozoa","Gorgonacea","Sanchez, Juan A., Universidad de Los Andes (COLOMBIA)","8 Oct 2000","Gorgonia ventalina Linnaeus, 1758 : Gorgoniidae : Gorgonacea : Anthozoa : Cnidaria","","","","Voucher","Animalia, Cnidaria, Anthozoa, Octocorallia, Gorgonacea, Holaxonia, Gorgoniidae","Octocorals","",1,"","Dry","164","Sanchez, J. A.","8 Oct 2000","","North Atlantic Ocean","","","Puerto Rico","","","","Cayo Lobos",18.3768,-65.5633,"","","","","","","10","","","","","","2027490","","","","","","","","","05 Jun 2023 16:23:00","http://n2t.net/ark:/65665/3d2644daa-0bfa-4da6-b927-77c11e2f4146"
"USNM 1017746","Specimen/Lot","Gorgonia ventalina Linnaeus, 1758","Gorgoniidae","Cnidaria","Anthozoa","Gorgonacea","Sanchez, J.","2002","Gorgonia ventalina Linnaeus, 1758 : Gorgoniidae : Gorgonacea : Anthozoa : Cnidaria","","","","","Animalia, Cnidaria, Anthozoa, Octocorallia, Gorgonacea, Holaxonia, Gorgoniidae","Octocorals","",1,"","DRY","","Sanchez, J.; Acosta, A.","14 Aug 2002","scuba","North Atlantic Ocean","Caribbean Sea","Batteaux Bay","Trinidad and Tobago","","","","Tobago, Little Tobago Island, Black Jack Hole","","","","","","","","","25","","","","T146","","2027480","","","","","","","","","05 Jun 2023 16:23:00","http://n2t.net/ark:/65665/3938ab5fe-8817-491b-aeb4-f1e322690e3f"
"USNM 1018073","Specimen/Lot","Gorgonia ventalina Linnaeus, 1758","Gorgoniidae","Cnidaria","Anthozoa","Gorgonacea","Sanchez, J.","2002","Gorgonia ventalina Linnaeus, 1758 : Gorgoniidae : Gorgonacea : Anthozoa : Cnidaria","","","","","Animalia, Cnidaria, Anthozoa, Octocorallia, Gorgonacea, Holaxonia, Gorgoniidae","Octocorals","",2,"","Alcohol (Ethanol); DRY","","Sanchez, J.; Acosta, A.","14 Aug 2002","Scuba","North Atlantic Ocean","Caribbean Sea","Batteaux Bay","Trinidad and Tobago","","","","Tobago, Little Tobago Island, Black Jack Hole","","","","","","","","","25","","","","T145","","2027480","","","","","","","","","05 Jun 2023 16:23:00","http://n2t.net/ark:/65665/3a25653ab-8082-4063-af61-754c79b7d983"
"USNM 1156379","Specimen/Lot","Gorgonia ventalina Linnaeus, 1758","Gorgoniidae","Cnidaria","Anthozoa","Gorgonacea","Cairns, Stephen D., Smithsonian Institution, National Museum of Natural History","Jul 2011","Gorgonia ventalina Linnaeus, 1758 : Gorgoniidae : Gorgonacea : Anthozoa : Cnidaria","","","","","Animalia, Cnidaria, Anthozoa, Octocorallia, Gorgonacea, Holaxonia, Gorgoniidae","Octocorals","",1,"","Dry","","Peterson, L. W.","22 Jul 1961","","North Atlantic Ocean","","","Bermuda","","","","The Flatts","","","","","","","","","9","","","","","","347966","","","","","","","","","05 Jun 2023 16:23:00","http://n2t.net/ark:/65665/37aa09a97-88ba-4f3e-b3ef-5d50b5407f5c"
"USNM 1158636","Specimen/Lot","Gorgonia ventalina Linnaeus, 1758","Gorgoniidae","Cnidaria","Anthozoa","Gorgonacea","Bayer, Frederick M., Smithsonian Institution, National Museum of Natural History","1973","Gorgonia ventalina Linnaeus, 1758 : Gorgoniidae : Gorgonacea : Anthozoa : Cnidaria","","","","","Animalia, Cnidaria, Anthozoa, Octocorallia, Gorgonacea, Holaxonia, Gorgoniidae","Octocorals","",1,"","Dry","","Rainey, W. E.","24 Jun 1972","","North Atlantic Ocean","Caribbean Sea","","Belize","","","","Glover's Reef, southwest margin, outer reef, leeward shelf edge of atoll on steep slope",16.75,-87.75,"","CCRE - Caribbean Coral Reef Ecosystems, Belize","","","","","26","","","","","","318808","","","","","","","","","05 Jun 2023 16:23:00","http://n2t.net/ark:/65665/3645b9ce6-b6a0-4b8b-8743-0938b513958b"
"USNM 1158732","Specimen/Lot","Gorgonia ventalina Linnaeus, 1758","Gorgoniidae","Cnidaria","Anthozoa","Gorgonacea","Bayer, Frederick M., Smithsonian Institution, National Museum of Natural History","1973","Gorgonia ventalina Linnaeus, 1758 : Gorgoniidae : Gorgonacea : Anthozoa : Cnidaria","","","","","Animalia, Cnidaria, Anthozoa, Octocorallia, Gorgonacea, Holaxonia, Gorgoniidae","Octocorals","",1,"","Dry","","Rainey, W. E.","24 Jun 1972","","North Atlantic Ocean","Caribbean Sea","","Belize","","","","Glover's Reef, southwest margin, outer reef, leeward shelf edge of atoll on steep slope",16.75,-87.75,"","CCRE - Caribbean Coral Reef Ecosystems, Belize","","","","","26","","","","","","318808","","","","","","","","","05 Jun 2023 16:23:00","http://n2t.net/ark:/65665/359b6d1bf-4a4a-4c67-a701-2ab971caa73c"
"USNM 53568","Specimen/Lot","Gorgonia ventalina Linnaeus, 1758","Gorgoniidae","Cnidaria","Anthozoa","Gorgonacea","Larson, R. J.","1972","Gorgonia ventalina Linnaeus, 1758 : Gorgoniidae : Gorgonacea : Anthozoa : Cnidaria","","","","","Animalia, Cnidaria, Anthozoa, Octocorallia, Gorgonacea, Holaxonia, Gorgoniidae","Octocorals","",2,"","Dry","","Larson, R. J.","29 Apr 1972","","North Atlantic Ocean","Caribbean Sea","","Belize","","","","Carrie Bow Cay",16.8,-88.08,"","CCRE - Caribbean Coral Reef Ecosystems, Belize","","","","","1.5","Intertidal","","","","","300990","","","","","","","","","05 Jun 2023 16:23:00","http://n2t.net/ark:/65665/3726e27eb-4342-4e89-b4e8-a2e63d131d20"
"USNM 53566","Specimen/Lot","Gorgonia ventalina Linnaeus, 1758","Gorgoniidae","Cnidaria","Anthozoa","Gorgonacea","Larson, R. J.","1972","Gorgonia ventalina Linnaeus, 1758 : Gorgoniidae : Gorgonacea : Anthozoa : Cnidaria","","","","","Animalia, Cnidaria, Anthozoa, Octocorallia, Gorgonacea, Holaxonia, Gorgoniidae","Octocorals","",1,"","Dry","","Larson, R. J.","30 Apr 1972","","North Atlantic Ocean","Caribbean Sea","","Belize","","","","Carrie Bow Cay, 50 Yards off S. end, coral heads, sand.","","","","CCRE - Caribbean Coral Reef Ecosystems, Belize","","","","","3 to 4","","","","","","300990","","","","","","","","","05 Jun 2023 16:23:00","http://n2t.net/ark:/65665/3b143dfe1-161b-424a-bb12-0eecf4255d7c"
"USNM 53565","Specimen/Lot","Gorgonia ventalina Linnaeus, 1758","Gorgoniidae","Cnidaria","Anthozoa","Gorgonacea","Larson, R. J.","","Gorgonia ventalina Linnaeus, 1758 : Gorgoniidae : Gorgonacea : Anthozoa : Cnidaria","","","","","Animalia, Cnidaria, Anthozoa, Octocorallia, Gorgonacea, Holaxonia, Gorgoniidae","Octocorals","",1,"","Dry","","Larson, R. J.","30 Apr 1972","","North Atlantic Ocean","Caribbean Sea","","Belize","","","","Carrie Bow Cay, 50 Yards off S. end, coral heads, sand.","","","","CCRE - Caribbean Coral Reef Ecosystems, Belize","","","","","3 to 4","","","","","","300990","","","","","","","","","05 Jun 2023 16:23:00","http://n2t.net/ark:/65665/3779f6782-127d-4a3b-a504-8c86634d2528"
"USNM 1206369","Specimen/Lot","Gorgonia ventalina Linnaeus, 1758","Gorgoniidae","Cnidaria","Anthozoa","Gorgonacea","","","Gorgonia ventalina Linnaeus, 1758 : Gorgoniidae : Gorgonacea : Anthozoa : Cnidaria","","","","","Animalia, Cnidaria, Anthozoa, Octocorallia, Gorgonacea, Holaxonia, Gorgoniidae","Octocorals","",1,"","Dry","6","Shoemaker, C. R.","5 Jul 1915","","North Atlantic Ocean","Caribbean Sea","French Bay","Virgin Islands of the United States","","","","St. Thomas Island",18.3175,-64.9142,"","","","","","","1 to 5","","","Tissue taken by Akacia Halliday-Isaac in May 2022 for DNA extraction in study on Apicomplexan diversity.","","","058705","","","","","","","","","05 Jun 2023 16:23:00","http://n2t.net/ark:/65665/3d9d0f3d8-4b77-4869-95a6-19dc19d68b95"
"USNM 4078","Specimen/Lot","Gorgonia ventalina Linnaeus, 1758","Gorgoniidae","Cnidaria","Anthozoa","Gorgonacea","Bayer, Frederick M., Smithsonian Institution, National Museum of Natural History","","Gorgonia ventalina Linnaeus, 1758 : Gorgoniidae : Gorgonacea : Anthozoa : Cnidaria","","","","","Animalia, Cnidaria, Anthozoa, Octocorallia, Gorgonacea, Holaxonia, Gorgoniidae","Octocorals","",0,"","Dry","","Langston, J. M.","","","North Atlantic Ocean","Caribbean Sea","","Haiti","","","","","","","","","","","","","","","","","","","010493","","","","","","","","","25 Feb 2025 18:14:00","http://n2t.net/ark:/65665/3231b27d3-eabf-4398-8fee-e560f490fae8"
"USNM 4079","Specimen/Lot","Gorgonia ventalina Linnaeus, 1758","Gorgoniidae","Cnidaria","Anthozoa","Gorgonacea","Bayer, Frederick M., Smithsonian Institution, National Museum of Natural History","","Gorgonia ventalina Linnaeus, 1758 : Gorgoniidae : Gorgonacea : Anthozoa : Cnidaria","","","","","Animalia, Cnidaria, Anthozoa, Octocorallia, Gorgonacea, Holaxonia, Gorgoniidae","Octocorals","",0,"","Dry","","Langston, J. M.","","","North Atlantic Ocean","Caribbean Sea","","Haiti","","","","","","","","","","","","","","","","","","","010493","","","","","","","","","25 Feb 2025 18:14:00","http://n2t.net/ark:/65665/3609f788f-6c1c-4b99-a125-b1429c25641e"
"USNM 4084","Specimen/Lot","Gorgonia ventalina Linnaeus, 1758","Gorgoniidae","Cnidaria","Anthozoa","Gorgonacea","Bayer, Frederick M., Smithsonian Institution, National Museum of Natural History","","Gorgonia ventalina Linnaeus, 1758 : Gorgoniidae : Gorgonacea : Anthozoa : Cnidaria","","","","","Animalia, Cnidaria, Anthozoa, Octocorallia, Gorgonacea, Holaxonia, Gorgoniidae","Octocorals","",0,"","Dry","","Langston, J. M.","","","North Atlantic Ocean","Caribbean Sea","","Haiti","","","","","","","","","","","","","","","","","","","010493","","","","","","","","","25 Feb 2025 18:13:00","http://n2t.net/ark:/65665/34c45ec65-c4cc-401b-a97e-084e486ac7af"
"USNM 4077","Specimen/Lot","Gorgonia ventalina Linnaeus, 1758","Gorgoniidae","Cnidaria","Anthozoa","Gorgonacea","Bayer, Frederick M., Smithsonian Institution, National Museum of Natural History","","Gorgonia ventalina Linnaeus, 1758 : Gorgoniidae : Gorgonacea : Anthozoa : Cnidaria","","","","","Animalia, Cnidaria, Anthozoa, Octocorallia, Gorgonacea, Holaxonia, Gorgoniidae","Octocorals","",0,"","Dry","","Langston, J. M.","","","North Atlantic Ocean","Caribbean Sea","","Haiti","","","","","","","","","","","","","","","","","","","010493","","","","","","","","","25 Feb 2025 18:13:00","http://n2t.net/ark:/65665/3999389b3-c617-479f-93fb-0e3bb62c725c"
"USNM 51347","Specimen/Lot","Gorgonia ventalina Linnaeus, 1758","Gorgoniidae","Cnidaria","Anthozoa","Gorgonacea","Bayer, Frederick M., Smithsonian Institution, National Museum of Natural History","2 Mar 1959","Gorgonia ventalina Linnaeus, 1758 : Gorgoniidae : Gorgonacea : Anthozoa : Cnidaria","","","","","Animalia, Cnidaria, Anthozoa, Octocorallia, Gorgonacea, Holaxonia, Gorgoniidae","Octocorals","",2,"","Dry","1124","Hummelinck, P. W.","2 Jun 1949","","North Atlantic Ocean","Caribbean Sea","","St. Barthelemy","","","","Fourche Island, Five Island Bay, N.E. Shore rock debris","","","","","","","","","1.5","Intertidal","","","","","189993","","","","","","","","","05 Jun 2023 16:23:00","http://n2t.net/ark:/65665/31538532d-d6f5-442a-8e5a-5f2c5e57d057"
"USNM 1207564","Specimen/Lot","Gorgonia ventalina Linnaeus, 1758","Gorgoniidae","Cnidaria","Anthozoa","Gorgonacea","","","Gorgonia ventalina Linnaeus, 1758 : Gorgoniidae : Gorgonacea : Anthozoa : Cnidaria","","","","","Animalia, Cnidaria, Anthozoa, Octocorallia, Gorgonacea, Holaxonia, Gorgoniidae","Octocorals","",1,"","Dry","","Bartsch, P.","29 May 1912","","North Atlantic Ocean","","","United States","Florida","","","Biscayne By, Off Key Biscayne","","","","","","","","","5 to 10","","","","","","054232","","","","","","","","","05 Jun 2023 16:23:00","http://n2t.net/ark:/65665/38273430d-7afe-48b9-a4ad-4d2b9300895f"
"USNM 1207874","Specimen/Lot","Gorgonia ventalina Linnaeus, 1758","Gorgoniidae","Cnidaria","Anthozoa","Gorgonacea","","","Gorgonia ventalina Linnaeus, 1758 : Gorgoniidae : Gorgonacea : Anthozoa : Cnidaria","","","","","Animalia, Cnidaria, Anthozoa, Octocorallia, Gorgonacea, Holaxonia, Gorgoniidae","Octocorals","",1,"","Dry","","","Jun 1962 (June 1962)","","North Atlantic Ocean","Gulf of Mexico","","United States","Florida","","","Florida Keys, Ragged Keys","","","","","","","","","","","","","","","","","","","","","","","","05 Jun 2023 16:23:00","http://n2t.net/ark:/65665/300dbc3bc-f983-45c0-96f6-58e84c48b3f0"
"USNM 1210323","Specimen/Lot","Gorgonia ventalina Linnaeus, 1758","Gorgoniidae","Cnidaria","Anthozoa","Gorgonacea","Coffer, Timothy Edward, (IZ), Smithsonian Institution - National Museum of Natural History (UNITED STATES)","","Gorgonia ventalina Linnaeus, 1758 : Gorgoniidae : Gorgonacea : Anthozoa : Cnidaria","","","","","Animalia, Cnidaria, Anthozoa, Octocorallia, Gorgonacea, Holaxonia, Gorgoniidae","Octocorals","",3,"","Dry","SHORE","United States Fish Commission","1 Mar 1886","","North Atlantic Ocean","","","Bahamas","","","","Watlings Island","","","","","Albatross R/V","","","","","","","","","catalog number : 14400","","","","","","","","","","05 Jun 2023 16:23:00","http://n2t.net/ark:/65665/3510d0eb1-982f-4f98-9fe2-d675e2c0a224"
"USNM 1237818","Specimen/Lot","Gorgonia ventalina Linnaeus, 1758","Gorgoniidae","Cnidaria","Anthozoa","Gorgonacea","Bayer, Frederick M., Smithsonian Institution, National Museum of Natural History","27 Jan 1967","Gorgonia ventalina Linnaeus, 1758 : Gorgoniidae : Gorgonacea : Anthozoa : Cnidaria","","","","","Animalia, Cnidaria, Anthozoa, Octocorallia, Gorgonacea, Holaxonia, Gorgoniidae","Octocorals","",1,"","Dry","","","","","North Atlantic Ocean","Caribbean Sea","","St. Vincent and the Grenadines","","","","","","","","","","","","","","","","","","collection number : 15","","","","","","","","","","05 Jun 2023 16:23:00","http://n2t.net/ark:/65665/363c82142-e5f7-4b8b-911e-66ef85a18282"
